,Name,Maths,Science,English,Social Science,Language Subject,Language Subject Marks,Optional Subject,Optional Subject Marks,Year,Board,Total,z1,Standardized
0,Aarav Deshmukh,85,90,80,75,Marathi,80,Computer Science,85,2024,Maharashtra Board,495,0.5915405412633691,559.1540541263369
1,Ananya Patel,90,88,92,85,Gujarati,82,Music,88,2024,Gujarat Board,525,0.8923982009822026,589.2398200982202
2,Rohan Singh,78,82,85,79,Bengali,87,Physical Education,90,2024,West Bengal Board,501,0.7172416245574943,571.7241624557495
3,Kavya Sharma,92,85,88,90,Punjabi,84,Dance,86,2024,Punjab Board,525,0.4237514657451949,542.3751465745195
4,Vedika Reddy,80,92,85,88,Telugu,88,Arts,82,2024,Telangana Board,515,0.40659984696863644,540.6599846968636
5,Ishaan Gupta,88,90,84,87,Hindi,85,Psychology,88,2024,CBSE,522,0.9476160207151251,594.7616020715125
6,Nisha Verma,82,84,87,85,Tamil,90,Sociology,85,2024,Tamil Nadu Board,513,0.6402442594579534,564.0244259457953
7,Arjun Kumar,85,88,90,82,Kannada,82,Music,90,2024,Karnataka Board,517,0.7219114252241831,572.1911425224183
8,Priya Sharma,78,80,82,85,Odia,85,Arts,88,2024,Odisha Board,498,0.22429846825640545,522.4298468256405
9,Siddharth Singh,90,85,88,84,Malayalam,88,Dance,82,2024,Kerala Board,517,0.3352510377763047,533.5251037776304
10,Aryan Kapoor,85,82,90,88,Hindi,82,Arts,90,2024,CBSE,517,0.9110645615656701,591.106456156567
11,Siya Reddy,82,90,84,87,Telugu,90,Psychology,84,2024,Telangana Board,517,0.4192253891469145,541.9225389146915
12,Yuvraj Singh,88,85,80,92,Punjabi,85,Sociology,80,2024,Punjab Board,510,0.31398032124705644,531.3980321247057
13,Anvi Patel,85,88,90,82,Gujarati,88,Music,90,2024,Gujarat Board,523,0.8789352970880745,587.8935297088075
14,Advik Sharma,78,82,85,89,Marathi,82,Dance,85,2024,Maharashtra Board,501,0.6282252259928804,562.822522599288
15,Myra Verma,92,85,88,85,Bengali,85,Arts,88,2024,West Bengal Board,523,0.8611259626146207,586.112596261462
16,Aradhya Singh,80,92,85,88,Tamil,92,Psychology,85,2024,Tamil Nadu Board,522,0.6945751638857822,569.4575163885783
17,Vihaan Gupta,88,90,84,85,Kannada,90,Sociology,84,2024,Karnataka Board,521,0.7462266764802822,574.6226676480283
18,Aaradhya Patel,82,84,87,90,Odia,84,Arts,87,2024,Odisha Board,514,0.3508044689056583,535.0804468905658
19,Saanvi Sharma,90,85,88,84,Malayalam,85,Music,88,2024,Kerala Board,520,0.35802732997326464,535.8027329973264
20,Aryan Kumar,85,88,90,82,Hindi,88,Dance,90,2024,CBSE,523,0.954926312545016,595.4926312545016
21,Anvi Singh,82,85,84,87,Telugu,85,Psychology,84,2024,Telangana Board,507,0.35609767825552424,535.6097678255525
22,Arjun Reddy,88,80,82,90,Punjabi,80,Arts,82,2024,Punjab Board,502,0.2554357108480493,525.543571084805
23,Siya Patel,85,90,84,87,Gujarati,90,Sociology,84,2024,Gujarat Board,520,0.8587409412468825,585.8740941246882
24,Yuvraj Sharma,90,82,85,89,Marathi,82,Music,85,2024,Maharashtra Board,513,0.701594595451903,570.1594595451903
25,Ananya Singh,82,85,88,84,Bengali,85,Dance,88,2024,West Bengal Board,512,0.7891837935860575,578.9183793586058
26,Aarav Gupta,85,88,90,82,Tamil,88,Psychology,90,2024,Tamil Nadu Board,523,0.7006119310444299,570.061193104443
27,Myra Patel,88,90,84,85,Kannada,90,Arts,84,2024,Karnataka Board,521,0.7462266764802822,574.6226676480283
28,Advik Singh,78,82,85,89,Odia,82,Sociology,85,2024,Odisha Board,501,0.24801834337814035,524.8018343378141
29,Saanvi Patel,92,85,88,84,Malayalam,85,Music,88,2024,Kerala Board,522,0.3732115247712379,537.3211524771237
30,Aryan Reddy,80,82,87,90,Hindi,82,Dance,87,2024,CBSE,508,0.8452719350966511,584.5271935096652
31,Anvi Reddy,85,88,90,82,Telugu,88,Psychology,90,2024,Telangana Board,523,0.45710201568174863,545.7102015681749
32,Arjun Patel,82,85,84,87,Punjabi,85,Arts,84,2024,Punjab Board,507,0.29202609234742877,529.2026092347429
33,Siya Singh,88,90,84,85,Gujarati,90,Sociology,84,2024,Gujarat Board,521,0.8654723931939464,586.5472393193946
34,Yuvraj Reddy,90,82,85,89,Marathi,82,Music,85,2024,Maharashtra Board,513,0.701594595451903,570.1594595451903
35,Ananya Reddy,82,85,88,84,Bengali,85,Dance,88,2024,West Bengal Board,512,0.7891837935860575,578.9183793586058
36,Aarav Reddy,85,88,90,82,Tamil,88,Psychology,90,2024,Tamil Nadu Board,523,0.7006119310444299,570.061193104443
37,Myra Reddy,88,90,84,85,Kannada,90,Arts,84,2024,Karnataka Board,521,0.7462266764802822,574.6226676480283
38,Advik Singh,78,82,85,89,Odia,82,Sociology,85,2024,Odisha Board,501,0.24801834337814035,524.8018343378141
39,Saanvi Patel,92,85,88,84,Malayalam,85,Music,88,2024,Kerala Board,522,0.3732115247712379,537.3211524771237
40,Aryan Patel,80,82,87,90,Hindi,82,Dance,87,2024,CBSE,508,0.8452719350966511,584.5271935096652
41,Anvi Reddy,85,88,90,82,Telugu,88,Psychology,90,2024,Telangana Board,523,0.45710201568174863,545.7102015681749
42,Arjun Patel,82,85,84,87,Punjabi,85,Arts,84,2024,Punjab Board,507,0.29202609234742877,529.2026092347429
43,Siya Singh,88,90,84,85,Gujarati,90,Sociology,84,2024,Gujarat Board,521,0.8654723931939464,586.5472393193946
44,Yuvraj Reddy,90,82,85,89,Marathi,82,Music,85,2024,Maharashtra Board,513,0.701594595451903,570.1594595451903
45,Ananya Reddy,82,85,88,84,Bengali,85,Dance,88,2024,West Bengal Board,512,0.7891837935860575,578.9183793586058
46,Aarav Reddy,85,88,90,82,Tamil,88,Psychology,90,2024,Tamil Nadu Board,523,0.7006119310444299,570.061193104443
47,Myra Reddy,88,90,84,85,Kannada,90,Arts,84,2024,Karnataka Board,521,0.7462266764802822,574.6226676480283
48,Advik Singh,78,82,85,89,Odia,82,Sociology,85,2024,Odisha Board,501,0.24801834337814035,524.8018343378141
49,Saanvi Patel,92,85,88,84,Malayalam,85,Music,88,2024,Kerala Board,522,0.3732115247712379,537.3211524771237
50,Anushka Sharma,70,72,75,78,Marathi,75,Arts,72,2024,Maharashtra Board,442,0.26749249281935294,526.7492492819352
51,Aditya Patel,68,70,72,75,Gujarati,72,Music,70,2024,Gujarat Board,427,0.23271591016992774,523.2715910169927
52,Arnav Singh,65,68,70,72,Bengali,70,Dance,68,2024,West Bengal Board,413,0.14170427232898833,514.1704272328989
53,Aaradhya Gupta,62,65,68,70,Punjabi,68,Physical Education,65,2024,Punjab Board,398,-0.5056442243390439,449.4355775660956
54,Avni Reddy,60,62,65,68,Telugu,65,Psychology,62,2024,Telangana Board,382,-0.43299870788685385,456.7001292113146
55,Krish Patel,55,60,62,65,Hindi,62,Arts,60,2024,CBSE,364,-0.20741008840765168,479.2589911592348
56,Riya Singh,50,55,60,62,Tamil,60,Music,55,2024,Tamil Nadu Board,342,-0.39204292467079643,460.79570753292035
57,Shaurya Kumar,45,50,55,60,Kannada,55,Dance,50,2024,Karnataka Board,315,-0.5060087632088205,449.39912367911796
58,Sara Reddy,40,45,50,55,Odia,50,Arts,45,2024,Odisha Board,285,-1.4598126653867733,354.01873346132265
59,Aditi Sharma,35,40,45,50,Malayalam,45,Sociology,40,2024,Kerala Board,255,-1.6538784807581957,334.61215192418047
60,Armaan Singh,30,35,40,45,Hindi,40,Psychology,35,2024,CBSE,225,-1.2235406527624995,377.6459347237501
61,Ananya Reddy,25,30,35,40,Telugu,35,Arts,30,2024,Telangana Board,195,-1.6134869015558515,338.65130984441487
62,Rohan Patel,20,25,30,35,Punjabi,30,Dance,25,2024,Punjab Board,165,-2.2107560022101276,278.9243997789872
63,Anushka Singh,15,20,25,30,Gujarati,25,Arts,20,2024,Gujarat Board,135,-1.7328680583727687,326.71319416272314
64,Aditya Reddy,10,15,20,25,Marathi,20,Music,15,2024,Maharashtra Board,105,-1.792963966154863,320.7036033845137
65,Arnav Sharma,5,10,15,20,Bengali,15,Dance,10,2024,West Bengal Board,75,-2.0688823760032276,293.1117623996772
66,Aaradhya Gupta,3,5,10,15,Telugu,10,Psychology,5,2024,Telangana Board,48,-2.541464251659288,245.8535748340712
67,Avni Singh,2,3,5,10,Kannada,5,Arts,3,2024,Karnataka Board,28,-2.2506280408339294,274.93719591660704
68,Krish Patel,1,2,3,5,Tamil,3,Music,2,2024,Tamil Nadu Board,16,-2.3600290183899335,263.99709816100665
69,Riya Reddy,0,1,2,3,Odia,2,Sociology,1,2024,Odisha Board,9,-3.6420411765863854,135.79588234136145
70,Shaurya Sharma,0,0,1,2,Malayalam,1,Psychology,0,2024,Kerala Board,4,-3.559494927903843,144.05050720961572
71,Sara Singh,0,0,0,1,Hindi,0,Arts,0,2024,CBSE,1,-2.8610460226580816,213.89539773419182
72,Aditi Reddy,0,0,0,0,Telugu,0,Dance,0,2024,Telangana Board,0,-2.844477263937961,215.55227360620387
73,Armaan Patel,0,0,0,0,Punjabi,0,Arts,0,2024,Punjab Board,0,-3.4182385916896503,158.17614083103496
74,Ananya Sharma,0,0,0,0,Gujarati,0,Music,0,2024,Gujarat Board,0,-2.6416140712264125,235.83859287735874
75,Aditya Singh,0,0,0,0,Marathi,0,Sociology,0,2024,Maharashtra Board,0,-2.4349459489213103,256.50540510786897
76,Arnav Reddy,0,0,0,0,Bengali,0,Psychology,0,2024,West Bengal Board,0,-2.5593971648343405,244.06028351656596
77,Aaradhya Kumar,0,0,0,0,Tamil,0,Arts,0,2024,Tamil Nadu Board,0,-2.456617292928296,254.3382707071704
78,Avni Patel,0,0,0,0,Kannada,0,Dance,0,2024,Karnataka Board,0,-2.4208347996266233,257.9165200373377
79,Aditya Kumar,75,78,80,82,Marathi,78,Psychology,80,2024,Maharashtra Board,473,0.4570300305884945,545.7030030588495
80,Anika Gupta,78,80,82,75,Gujarati,80,Arts,82,2024,Gujarat Board,477,0.5692885075231292,556.9288507523129
81,Arjun Reddy,80,82,75,78,Bengali,82,Music,75,2024,West Bengal Board,472,0.5275759062094639,552.7575906209464
82,Ayush Patel,82,75,78,80,Punjabi,75,Dance,78,2024,Punjab Board,468,0.0066211166522688256,500.66211166522686
83,Bhavya Singh,75,78,80,82,Telugu,78,Physical Education,80,2024,Telangana Board,473,0.1414634612247974,514.1463461224797
84,Chaitanya Sharma,78,80,82,75,Hindi,80,Arts,82,2024,CBSE,477,0.6186528883700304,561.865288837003
85,Dhruv Verma,80,82,75,78,Tamil,82,Sociology,75,2024,Tamil Nadu Board,472,0.39273680595339927,539.2736805953399
86,Ekta Kumar,82,75,78,80,Kannada,75,Music,78,2024,Karnataka Board,468,0.42404959733696934,542.404959733697
87,Farhan Patel,75,78,80,82,Odia,78,Dance,80,2024,Odisha Board,473,0.02663284224194783,502.6632842241948
88,Gauri Reddy,78,80,82,75,Malayalam,80,Psychology,82,2024,Kerala Board,477,0.03156714181683902,503.1567141816839
89,Hemant Singh,80,82,75,78,Hindi,82,Arts,75,2024,CBSE,472,0.5821014292205755,558.2101429220576
90,Inaya Singh,82,75,78,80,Telugu,75,Music,78,2024,Telangana Board,468,0.10989960577910228,510.9899605779102
91,Jay Patel,75,78,80,82,Punjabi,78,Dance,80,2024,Punjab Board,473,0.043211498151648306,504.32114981516486
92,Krishna Reddy,78,80,82,75,Gujarati,80,Physical Education,82,2024,Gujarat Board,477,0.5692885075231292,556.9288507523129
93,Leena Sharma,80,82,75,78,Marathi,82,Psychology,75,2024,Maharashtra Board,472,0.45091591646690926,545.091591646691
94,Mohit Singh,82,75,78,80,Bengali,75,Arts,78,2024,West Bengal Board,468,0.5014151174718046,550.1415117471804
95,Neha Verma,75,78,80,82,Tamil,78,Music,80,2024,Tamil Nadu Board,473,0.398773573112047,539.8773573112047
96,Ojasvi Kumar,78,80,82,75,Kannada,80,Dance,82,2024,Karnataka Board,477,0.47875891266319226,547.8758912663193
97,Pranav Patel,80,82,75,78,Odia,82,Psychology,75,2024,Odisha Board,472,0.01872621720136953,501.872621720137
98,Queenie Reddy,82,75,78,80,Malayalam,75,Arts,78,2024,Kerala Board,468,-0.036761734774040766,496.32382652259594
99,Rahul Singh,75,78,80,82,Hindi,78,Music,80,2024,CBSE,473,0.5894117210504665,558.9411721050467
100,Sneha Reddy,78,80,82,75,Telugu,80,Sociology,82,2024,Telangana Board,477,0.1667145455813535,516.6714545581353
101,Tanishka Patel,80,82,75,78,Punjabi,82,Dance,75,2024,Punjab Board,472,0.03589342185177241,503.58934218517726
102,Uday Sharma,82,75,78,80,Gujarati,75,Arts,78,2024,Gujarat Board,468,0.508705439999553,550.8705439999553
103,Vikram Singh,75,78,80,82,Marathi,78,Physical Education,80,2024,Maharashtra Board,473,0.4570300305884945,545.7030030588495
104,Yash Verma,78,80,82,75,Bengali,80,Psychology,82,2024,West Bengal Board,477,0.5602768921315381,556.0276892131538
105,Zara Patel,80,82,75,78,Tamil,82,Arts,75,2024,Tamil Nadu Board,472,0.39273680595339927,539.2736805953399
106,Aryan Kumar,82,75,78,80,Kannada,75,Music,78,2024,Karnataka Board,468,0.42404959733696934,542.404959733697
107,Akshay Patel,75,78,80,82,Odia,78,Dance,80,2024,Odisha Board,473,0.02663284224194783,502.6632842241948
108,Ananya Reddy,78,80,82,75,Malayalam,80,Psychology,82,2024,Kerala Board,477,0.03156714181683902,503.1567141816839
109,Arnav Singh,80,82,75,78,Hindi,82,Arts,75,2024,CBSE,472,0.5821014292205755,558.2101429220576
110,Ayush Reddy,82,75,78,80,Telugu,75,Music,78,2024,Telangana Board,468,0.10989960577910228,510.9899605779102
111,Bhavna Patel,75,78,80,82,Punjabi,78,Dance,80,2024,Punjab Board,473,0.043211498151648306,504.32114981516486
112,Chetan Sharma,78,80,82,75,Gujarati,80,Physical Education,82,2024,Gujarat Board,477,0.5692885075231292,556.9288507523129
113,Deepika Singh,80,82,75,78,Marathi,82,Psychology,75,2024,Maharashtra Board,472,0.45091591646690926,545.091591646691
114,Ekta Reddy,82,75,78,80,Bengali,75,Arts,78,2024,West Bengal Board,468,0.5014151174718046,550.1415117471804
115,Farhan Kumar,75,78,80,82,Tamil,78,Music,80,2024,Tamil Nadu Board,473,0.398773573112047,539.8773573112047
116,Gaurav Patel,78,80,82,75,Kannada,80,Dance,82,2024,Karnataka Board,477,0.47875891266319226,547.8758912663193
117,Himanshu Reddy,80,82,75,78,Odia,82,Psychology,75,2024,Odisha Board,472,0.01872621720136953,501.872621720137
118,Ishita Sharma,82,75,78,80,Malayalam,75,Arts,78,2024,Kerala Board,468,-0.036761734774040766,496.32382652259594
119,Jatin Singh,75,78,80,82,Hindi,78,Music,80,2024,CBSE,473,0.5894117210504665,558.9411721050467
120,Kritika Patel,78,80,82,75,Telugu,80,Sociology,82,2024,Telangana Board,477,0.1667145455813535,516.6714545581353
121,Lakshay Singh,80,82,75,78,Punjabi,82,Dance,75,2024,Punjab Board,472,0.03589342185177241,503.58934218517726
122,Mohini Sharma,82,75,78,80,Gujarati,75,Arts,78,2024,Gujarat Board,468,0.508705439999553,550.8705439999553
123,Nikhil Kumar,75,78,80,82,Marathi,78,Physical Education,80,2024,Maharashtra Board,473,0.4570300305884945,545.7030030588495
124,Priya Verma,78,80,82,75,Bengali,80,Psychology,82,2024,West Bengal Board,477,0.5602768921315381,556.0276892131538
125,Rahul Reddy,80,82,75,78,Tamil,82,Arts,75,2024,Tamil Nadu Board,472,0.39273680595339927,539.2736805953399
126,Sakshi Patel,82,75,78,80,Kannada,75,Music,78,2024,Karnataka Board,468,0.42404959733696934,542.404959733697
127,Saurabh Reddy,75,78,80,82,Odia,78,Dance,80,2024,Odisha Board,473,0.02663284224194783,502.6632842241948
128,Tanya Sharma,78,80,82,75,Malayalam,80,Psychology,82,2024,Kerala Board,477,0.03156714181683902,503.1567141816839
129,Varun Singh,80,82,75,78,Hindi,82,Arts,75,2024,CBSE,472,0.5821014292205755,558.2101429220576
130,Yashvi Patel,82,75,78,80,Telugu,75,Music,78,2024,Telangana Board,468,0.10989960577910228,510.9899605779102
131,Zoya Reddy,75,78,80,82,Punjabi,78,Sociology,80,2024,Punjab Board,473,0.043211498151648306,504.32114981516486
132,Anand Sharma,78,80,82,75,Gujarati,80,Physical Education,82,2024,Gujarat Board,477,0.5692885075231292,556.9288507523129
133,Dhruv Reddy,80,82,75,78,Marathi,82,Psychology,75,2024,Maharashtra Board,472,0.45091591646690926,545.091591646691
134,Ekta Singh,82,75,78,80,Bengali,75,Arts,78,2024,West Bengal Board,468,0.5014151174718046,550.1415117471804
135,Farhan Sharma,75,78,80,82,Tamil,78,Music,80,2024,Tamil Nadu Board,473,0.398773573112047,539.8773573112047
136,Gaurav Reddy,78,80,82,75,Kannada,80,Dance,82,2024,Karnataka Board,477,0.47875891266319226,547.8758912663193
137,Himanshu Patel,80,82,75,78,Odia,82,Psychology,75,2024,Odisha Board,472,0.01872621720136953,501.872621720137
138,Ishita Reddy,82,75,78,80,Malayalam,75,Arts,78,2024,Kerala Board,468,-0.036761734774040766,496.32382652259594
139,Jatin Kumar,75,78,80,82,Hindi,78,Music,80,2024,CBSE,473,0.5894117210504665,558.9411721050467
140,Kritika Reddy,78,80,82,75,Telugu,80,Sociology,82,2024,Telangana Board,477,0.1667145455813535,516.6714545581353
141,Lakshay Patel,80,82,75,78,Punjabi,82,Dance,75,2024,Punjab Board,472,0.03589342185177241,503.58934218517726
142,Mohini Reddy,82,75,78,80,Gujarati,75,Arts,78,2024,Gujarat Board,468,0.508705439999553,550.8705439999553
143,Nikhil Sharma,75,78,80,82,Marathi,78,Physical Education,80,2024,Maharashtra Board,473,0.4570300305884945,545.7030030588495
144,Priya Singh,78,80,82,75,Bengali,80,Psychology,82,2024,West Bengal Board,477,0.5602768921315381,556.0276892131538
145,Rahul Sharma,80,82,75,78,Tamil,82,Arts,75,2024,Tamil Nadu Board,472,0.39273680595339927,539.2736805953399
146,Sakshi Reddy,82,75,78,80,Kannada,75,Music,78,2024,Karnataka Board,468,0.42404959733696934,542.404959733697
147,Saurabh Patel,75,78,80,82,Odia,78,Dance,80,2024,Odisha Board,473,0.02663284224194783,502.6632842241948
148,Tanya Reddy,78,80,82,75,Malayalam,80,Psychology,82,2024,Kerala Board,477,0.03156714181683902,503.1567141816839
149,Varun Sharma,80,82,75,78,Hindi,82,Arts,75,2024,CBSE,472,0.5821014292205755,558.2101429220576
150,Yashvi Reddy,82,75,78,80,Telugu,75,Music,78,2024,Telangana Board,468,0.10989960577910228,510.9899605779102
151,Zoya Patel,75,78,80,82,Punjabi,78,Sociology,80,2024,Punjab Board,473,0.043211498151648306,504.32114981516486
152,Anand Reddy,78,80,82,75,Gujarati,80,Physical Education,82,2024,Gujarat Board,477,0.5692885075231292,556.9288507523129
153,Dhruv Sharma,80,82,75,78,Marathi,82,Psychology,75,2024,Maharashtra Board,472,0.45091591646690926,545.091591646691
154,Ekta Reddy,82,75,78,80,Bengali,75,Arts,78,2024,West Bengal Board,468,0.5014151174718046,550.1415117471804
155,Farhan Singh,75,78,80,82,Tamil,78,Music,80,2024,Tamil Nadu Board,473,0.398773573112047,539.8773573112047
156,Gaurav Sharma,78,80,82,75,Kannada,80,Dance,82,2024,Karnataka Board,477,0.47875891266319226,547.8758912663193
157,Himanshu Reddy,80,82,75,78,Odia,82,Psychology,75,2024,Odisha Board,472,0.01872621720136953,501.872621720137
158,Ishita Patel,82,75,78,80,Malayalam,75,Arts,78,2024,Kerala Board,468,-0.036761734774040766,496.32382652259594
159,Aryan Gupta,98,97,99,96,Marathi,96,Music,97,2024,Maharashtra Board,583,1.1295825839628677,612.9582583962867
160,Ananya Singh,97,98,96,99,Gujarati,99,Dance,98,2024,Gujarat Board,587,1.3097482217001724,630.9748221700172
161,Arjun Sharma,96,99,97,98,Bengali,98,Physical Education,96,2024,West Bengal Board,584,1.260077990863926,626.0077990863927
162,Aarav Patel,99,96,98,97,Punjabi,97,Arts,98,2024,Punjab Board,585,0.8628360437377486,586.2836043737749
163,Avani Reddy,98,97,99,96,Telugu,96,Psychology,97,2024,Telangana Board,583,0.8358682810300901,583.586828103009
164,Shreya Kumar,97,98,96,99,Hindi,99,Sociology,98,2024,CBSE,587,1.4227849896580396,642.2784989658039
165,Vivek Verma,96,99,97,98,Tamil,98,Music,96,2024,Tamil Nadu Board,584,1.0688547277219371,606.8854727721937
166,Aishwarya Gupta,99,96,98,97,Kannada,97,Dance,98,2024,Karnataka Board,585,1.1352706965778674,613.5270696577868
167,Rahul Reddy,98,97,99,96,Odia,96,Arts,97,2024,Odisha Board,583,0.8963615967055614,589.6361596705561
168,Sneha Sharma,97,98,96,99,Malayalam,99,Psychology,98,2024,Kerala Board,587,0.8666978557053697,586.669785570537
169,Yash Singh,96,99,97,98,Hindi,98,Arts,96,2024,CBSE,584,1.4008541141683666,640.0854114168367
170,Ishika Patel,99,96,98,97,Telugu,97,Music,98,2024,Telangana Board,585,0.8484938232083682,584.8493823208369
171,Kabir Kumar,98,97,99,96,Punjabi,96,Dance,97,2024,Punjab Board,583,0.8481998911379968,584.8199891137997
172,Aditi Reddy,97,98,96,99,Gujarati,99,Physical Education,98,2024,Gujarat Board,587,1.3097482217001724,630.9748221700172
173,Krishna Sharma,96,99,97,98,Marathi,98,Psychology,96,2024,Maharashtra Board,584,1.135696698084453,613.5696698084453
174,Anushka Singh,99,96,98,97,Bengali,97,Arts,98,2024,West Bengal Board,585,1.266618188048341,626.6618188048341
175,Raj Patel,98,97,99,96,Tamil,96,Music,97,2024,Tamil Nadu Board,583,1.0628179605632895,606.281796056329
176,Samaira Reddy,97,98,96,99,Kannada,99,Dance,98,2024,Karnataka Board,587,1.147428322205917,614.7428322205917
177,Vishal Gupta,96,99,97,98,Odia,98,Psychology,96,2024,Odisha Board,584,0.9042682217461396,590.426822174614
178,Kavya Sharma,99,96,98,97,Malayalam,96,Arts,97,2024,Kerala Board,583,0.8363294661094232,583.6329466109423
179,Anshul Singh,98,97,99,96,Hindi,96,Music,97,2024,CBSE,583,1.3935438223384755,639.3543822338476
180,Arpita Patel,97,98,96,99,Telugu,99,Sociology,98,2024,Telangana Board,587,0.8611193653866462,586.1119365386646
181,Karan Kumar,96,99,97,98,Punjabi,98,Dance,96,2024,Punjab Board,584,0.8555179674378727,585.5517967437872
182,Rahul Sharma,99,96,98,97,Gujarati,97,Physical Education,98,2024,Gujarat Board,585,1.2962853178060443,629.6285317806044
183,Alisha Gupta,98,97,99,96,Marathi,96,Psychology,97,2024,Maharashtra Board,583,1.1295825839628677,612.9582583962867
184,Vedant Singh,97,98,96,99,Bengali,99,Arts,98,2024,West Bengal Board,587,1.2796985824171705,627.969858241717
185,Anushka Verma,96,99,97,98,Tamil,98,Music,96,2024,Tamil Nadu Board,584,1.0688547277219371,606.8854727721937
186,Rohit Reddy,99,96,98,97,Kannada,97,Dance,98,2024,Karnataka Board,585,1.1352706965778674,613.5270696577868
187,Aarav Gupta,98,97,99,96,Odia,96,Psychology,97,2024,Odisha Board,583,0.8963615967055614,589.6361596705561
188,Ananya Sharma,97,98,96,99,Malayalam,99,Arts,98,2024,Kerala Board,587,0.8666978557053697,586.669785570537
189,Arjun Singh,96,99,97,98,Hindi,98,Music,96,2024,CBSE,584,1.4008541141683666,640.0854114168367
190,Ayush Patel,99,96,98,97,Telugu,97,Sociology,98,2024,Telangana Board,585,0.8484938232083682,584.8493823208369
191,Bhavya Kumar,98,97,99,96,Punjabi,96,Physical Education,97,2024,Punjab Board,583,0.8481998911379968,584.8199891137997
192,Chahat Sharma,97,98,96,99,Gujarati,99,Arts,98,2024,Gujarat Board,587,1.3097482217001724,630.9748221700172
193,Daksh Gupta,96,99,97,98,Marathi,98,Dance,96,2024,Maharashtra Board,584,1.135696698084453,613.5696698084453
194,Eshaan Singh,99,96,98,97,Bengali,97,Psychology,98,2024,West Bengal Board,585,1.266618188048341,626.6618188048341
195,Farhan Verma,98,97,99,96,Tamil,96,Music,97,2024,Tamil Nadu Board,583,1.0628179605632895,606.281796056329
196,Garima Reddy,97,98,96,99,Kannada,99,Sociology,98,2024,Karnataka Board,587,1.147428322205917,614.7428322205917
197,Harsh Patel,96,99,97,98,Odia,98,Dance,96,2024,Odisha Board,584,0.9042682217461396,590.426822174614
198,Ishita Reddy,99,96,98,97,Malayalam,97,Psychology,98,2024,Kerala Board,585,0.8515136609073964,585.1513660907397
199,Jay Patel,98,97,99,96,Hindi,96,Arts,97,2024,CBSE,583,1.3935438223384755,639.3543822338476
200,Karina Singh,97,98,96,99,Telugu,99,Music,98,2024,Telangana Board,587,0.8611193653866462,586.1119365386646
201,Lakshya Reddy,96,99,97,98,Punjabi,98,Dance,96,2024,Punjab Board,584,0.8555179674378727,585.5517967437872
202,Mohit Sharma,99,96,98,97,Gujarati,97,Physical Education,98,2024,Gujarat Board,585,1.2962853178060443,629.6285317806044
203,Neha Gupta,98,97,99,96,Marathi,96,Psychology,97,2024,Maharashtra Board,583,1.1295825839628677,612.9582583962867
204,Arnav Reddy,90,85,88,84,Hindi,85,Music,88,2024,ICSE,520,1.1291424971188904,612.914249711889
205,Anika Gupta,78,80,82,75,Hindi,80,Music,82,2024,CISCE,477,0.5233470507393455,552.3347050739345
206,Aryan Patel,92,94,90,88,Hindi,94,Physical Education,90,2024,IB,548,0.8048261767307708,580.4826176730771
207,Aditi Sharma,82,75,78,80,Hindi,75,Dance,78,2024,ICSE,468,0.7349579890091422,573.4957989009142
208,Bhavya Singh,75,78,80,82,Hindi,78,Dance,80,2024,CISCE,473,0.49762801172645615,549.7628011726456
209,Karan Reddy,94,92,88,90,Hindi,92,Psychology,88,2024,IB,544,0.7785954599939627,577.8595459993962
210,Ishaan Gupta,85,90,88,82,Hindi,90,Psychology,88,2024,ICSE,523,1.151883911048299,615.1883911048299
211,Ananya Patel,80,82,75,78,Hindi,82,Sociology,75,2024,CISCE,472,0.4911982519732338,549.1198251973234
212,Vikram Reddy,96,95,92,94,Hindi,95,Arts,92,2024,IB,564,0.909749043678003,590.9749043678003
213,Aditya Kumar,75,80,82,78,Hindi,80,Arts,82,2024,ICSE,477,0.803182230797368,580.3182230797368
214,Anushka Sharma,98,96,95,97,Hindi,96,Music,95,2024,CISCE,577,1.1663230260615802,616.632302606158
215,Arnav Singh,90,88,85,92,Hindi,88,Music,85,2024,IB,528,0.6736725930467306,567.3672593046731
216,Ayush Patel,82,78,75,80,Hindi,78,Dance,75,2024,ICSE,468,0.7349579890091422,573.4957989009142
217,Ananya Gupta,94,90,92,88,Hindi,90,Psychology,92,2024,CISCE,546,0.9670004737116875,596.7000473711687
218,Aarav Reddy,88,85,90,84,Hindi,85,Sociology,90,2024,IB,522,0.6343265179415185,563.4326517941519
219,Aditi Reddy,75,82,78,80,Hindi,82,Arts,78,2024,ICSE,475,0.7880212881777622,578.8021288177762
220,Bhavna Singh,80,75,82,78,Hindi,75,Arts,82,2024,CISCE,472,0.4911982519732338,549.1198251973234
221,Krishna Patel,95,92,96,94,Hindi,92,Physical Education,96,2024,IB,565,0.916306722862205,591.6306722862205
222,Aishwarya Reddy,85,88,84,90,Hindi,88,Psychology,84,2024,ICSE,519,1.1215620258090875,612.1562025809087
223,Anshul Gupta,96,95,97,92,Hindi,95,Dance,97,2024,CISCE,572,1.1341742272954685,613.4174227295468
224,Arjun Sharma,92,94,90,88,Hindi,94,Music,90,2024,IB,548,0.8048261767307708,580.4826176730771
225,Aditi Sharma,78,80,82,75,Hindi,80,Psychology,82,2024,ICSE,477,0.803182230797368,580.3182230797368
226,Anika Reddy,90,85,88,84,Hindi,85,Sociology,88,2024,CISCE,520,0.7998267201279065,579.9826720127907
227,Aryan Patel,92,94,90,88,Hindi,94,Arts,90,2024,IB,548,0.8048261767307708,580.4826176730771
228,Aditya Kumar,75,80,82,78,Hindi,80,Physical Education,82,2024,ICSE,477,0.803182230797368,580.3182230797368
229,Anushka Sharma,98,96,95,97,Hindi,96,Psychology,95,2024,CISCE,577,1.1663230260615802,616.632302606158
230,Arnav Singh,90,88,85,92,Hindi,88,Arts,85,2024,IB,528,0.6736725930467306,567.3672593046731
231,Ayush Patel,82,78,75,80,Hindi,78,Music,75,2024,ICSE,468,0.7349579890091422,573.4957989009142
232,Ananya Gupta,94,90,92,88,Hindi,90,Dance,92,2024,CISCE,546,0.9670004737116875,596.7000473711687
233,Aarav Reddy,88,85,90,84,Hindi,85,Psychology,90,2024,IB,522,0.6343265179415185,563.4326517941519
234,Aditi Reddy,75,82,78,80,Hindi,82,Sociology,78,2024,ICSE,475,0.7880212881777622,578.8021288177762
235,Bhavna Singh,80,75,82,78,Hindi,75,Arts,82,2024,CISCE,472,0.4911982519732338,549.1198251973234
236,Krishna Patel,95,92,96,94,Hindi,92,Music,96,2024,IB,565,0.916306722862205,591.6306722862205
237,Aishwarya Reddy,85,88,84,90,Hindi,88,Physical Education,84,2024,ICSE,519,1.1215620258090875,612.1562025809087
238,Anshul Gupta,96,95,97,92,Hindi,95,Psychology,97,2024,CISCE,572,1.1341742272954685,613.4174227295468
239,Arjun Sharma,92,94,90,88,Hindi,94,Dance,90,2024,IB,548,0.8048261767307708,580.4826176730771
240,Aditi Sharma,78,80,82,75,Hindi,80,Arts,82,2024,ICSE,477,0.803182230797368,580.3182230797368
241,Anika Reddy,90,85,88,84,Hindi,85,Music,88,2024,CISCE,520,0.7998267201279065,579.9826720127907
242,Aryan Patel,92,94,90,88,Hindi,94,Psychology,90,2024,IB,548,0.8048261767307708,580.4826176730771
243,Aditya Kumar,75,80,82,78,Hindi,80,Sociology,82,2024,ICSE,477,0.803182230797368,580.3182230797368
244,Anushka Sharma,98,96,95,97,Hindi,96,Arts,95,2024,CISCE,577,1.1663230260615802,616.632302606158
245,Arnav Singh,90,88,85,92,Hindi,88,Physical Education,85,2024,IB,528,0.6736725930467306,567.3672593046731
246,Ayush Patel,82,78,75,80,Hindi,78,Psychology,75,2024,ICSE,468,0.7349579890091422,573.4957989009142
247,Ananya Gupta,94,90,92,88,Hindi,90,Sociology,92,2024,CISCE,546,0.9670004737116875,596.7000473711687
248,Aarav Reddy,88,85,90,84,Hindi,85,Music,90,2024,IB,522,0.6343265179415185,563.4326517941519
249,Aditi Reddy,75,82,78,80,Hindi,82,Psychology,78,2024,ICSE,475,0.7880212881777622,578.8021288177762
250,Bhavna Singh,80,75,82,78,Hindi,75,Arts,82,2024,CISCE,472,0.4911982519732338,549.1198251973234
251,Krishna Patel,95,92,96,94,Hindi,92,Physical Education,96,2024,IB,565,0.916306722862205,591.6306722862205
252,Aishwarya Reddy,85,88,84,90,Hindi,88,Psychology,84,2024,ICSE,519,1.1215620258090875,612.1562025809087
253,Anshul Gupta,96,95,97,92,Hindi,95,Dance,97,2024,CISCE,572,1.1341742272954685,613.4174227295468
254,Aditya Kumar,75,78,80,82,Hindi,78,Music,80,2022,ICSE,473,0.7728603455581565,577.2860345558156
255,Anika Gupta,78,80,82,75,Hindi,80,Music,82,2022,CISCE,477,0.5233470507393455,552.3347050739345
256,Aryan Patel,92,94,90,88,Hindi,94,Physical Education,90,2022,IB,548,0.8048261767307708,580.4826176730771
257,Aditi Sharma,82,75,78,80,Hindi,75,Dance,78,2022,CBSE,468,0.5528602619010115,555.2860261901011
258,Bhavya Singh,75,78,80,82,Hindi,78,Dance,80,2022,Gujarat Board,473,0.542362699734873,554.2362699734873
259,Karan Reddy,94,92,88,90,Hindi,92,Psychology,88,2022,Tamil Nadu Board,544,0.8273840413760307,582.7384041376031
260,Ishaan Gupta,85,90,88,82,Hindi,90,Psychology,88,2022,West Bengal Board,523,0.8611259626146207,586.112596261462
261,Ananya Patel,80,82,75,78,Hindi,82,Sociology,75,2022,Karnataka Board,472,0.4483648485930684,544.8364848593069
262,Vikram Reddy,96,95,92,94,Hindi,95,Arts,92,2022,Maharashtra Board,564,1.0134144156527487,601.3414415652749
263,Aditya Kumar,75,80,82,78,Hindi,80,Arts,82,2022,ICSE,477,0.803182230797368,580.3182230797368
264,Anushka Sharma,98,96,95,97,Hindi,96,Music,95,2022,CISCE,577,1.1663230260615802,616.632302606158
265,Arnav Singh,90,88,85,92,Hindi,88,Music,85,2022,IB,528,0.6736725930467306,567.3672593046731
266,Aditi Sharma,78,80,82,75,Hindi,80,Psychology,82,2022,CBSE,477,0.6186528883700304,561.865288837003
267,Anika Reddy,90,85,88,84,Hindi,85,Sociology,88,2022,Gujarat Board,520,0.8587409412468825,585.8740941246882
268,Aryan Patel,92,94,90,88,Hindi,94,Arts,90,2022,Tamil Nadu Board,548,0.8515311100106214,585.1531110010621
269,Aditya Kumar,75,80,82,78,Hindi,80,Physical Education,82,2022,West Bengal Board,477,0.5602768921315381,556.0276892131538
270,Anushka Sharma,98,96,95,97,Hindi,96,Psychology,95,2022,Karnataka Board,577,1.0866401940656694,608.6640194065669
271,Arnav Singh,90,88,85,92,Hindi,88,Arts,85,2022,Maharashtra Board,528,0.7933063072756811,579.3306307275681
272,Ayush Patel,82,78,75,80,Hindi,78,Music,75,2022,ICSE,468,0.7349579890091422,573.4957989009142
273,Ananya Gupta,94,90,92,88,Hindi,90,Dance,92,2022,CISCE,546,0.9670004737116875,596.7000473711687
274,Aarav Reddy,88,85,90,84,Hindi,85,Psychology,90,2022,IB,522,0.6343265179415185,563.4326517941519
275,Aditi Reddy,75,82,78,80,Hindi,82,Sociology,78,2022,CBSE,475,0.6040323047102484,560.4032304710248
276,Bhavna Singh,80,75,82,78,Hindi,75,Arts,82,2022,Gujarat Board,472,0.535631247787809,553.5631247787809
277,Krishna Patel,95,92,96,94,Hindi,92,Physical Education,96,2022,Tamil Nadu Board,565,0.9541561517076316,595.4156151707632
278,Aishwarya Reddy,85,88,84,90,Hindi,88,Psychology,84,2022,West Bengal Board,519,0.8349651738769613,583.4965173876961
279,Anshul Gupta,96,95,97,92,Hindi,95,Dance,97,2022,Karnataka Board,572,1.0562461299955455,605.6246129995545
280,Aditya Kumar,75,78,80,82,Hindi,78,Music,80,2023,ICSE,473,0.7728603455581565,577.2860345558156
281,Anika Gupta,78,80,82,75,Hindi,80,Music,82,2023,CISCE,477,0.5233470507393455,552.3347050739345
282,Aryan Patel,92,94,90,88,Hindi,94,Physical Education,90,2023,IB,548,0.8048261767307708,580.4826176730771
283,Aditi Sharma,82,75,78,80,Hindi,75,Dance,78,2023,CBSE,468,0.5528602619010115,555.2860261901011
284,Bhavya Singh,75,78,80,82,Hindi,78,Dance,80,2023,Gujarat Board,473,0.542362699734873,554.2362699734873
285,Karan Reddy,94,92,88,90,Hindi,92,Psychology,88,2023,Tamil Nadu Board,544,0.8273840413760307,582.7384041376031
286,Ishaan Gupta,85,90,88,82,Hindi,90,Psychology,88,2023,West Bengal Board,523,0.8611259626146207,586.112596261462
287,Ananya Patel,80,82,75,78,Hindi,82,Sociology,75,2023,Karnataka Board,472,0.4483648485930684,544.8364848593069
288,Vikram Reddy,96,95,92,94,Hindi,95,Arts,92,2023,Maharashtra Board,564,1.0134144156527487,601.3414415652749
289,Aditya Kumar,75,80,82,78,Hindi,80,Arts,82,2023,ICSE,477,0.803182230797368,580.3182230797368
290,Anushka Sharma,98,96,95,97,Hindi,96,Music,95,2023,CISCE,577,1.1663230260615802,616.632302606158
291,Arnav Singh,90,88,85,92,Hindi,88,Music,85,2023,IB,528,0.6736725930467306,567.3672593046731
292,Aditi Sharma,78,80,82,75,Hindi,80,Psychology,82,2023,CBSE,477,0.6186528883700304,561.865288837003
293,Anika Reddy,90,85,88,84,Hindi,85,Sociology,88,2023,Gujarat Board,520,0.8587409412468825,585.8740941246882
294,Aryan Patel,92,94,90,88,Hindi,94,Arts,90,2023,Tamil Nadu Board,548,0.8515311100106214,585.1531110010621
295,Aditya Kumar,75,80,82,78,Hindi,80,Physical Education,82,2023,West Bengal Board,477,0.5602768921315381,556.0276892131538
296,Anushka Sharma,98,96,95,97,Hindi,96,Psychology,95,2023,Karnataka Board,577,1.0866401940656694,608.6640194065669
297,Arnav Singh,90,88,85,92,Hindi,88,Arts,85,2023,Maharashtra Board,528,0.7933063072756811,579.3306307275681
298,Ayush Patel,82,78,75,80,Hindi,78,Music,75,2023,ICSE,468,0.7349579890091422,573.4957989009142
299,Ananya Gupta,94,90,92,88,Hindi,90,Dance,92,2023,CISCE,546,0.9670004737116875,596.7000473711687
300,Aarav Reddy,88,85,90,84,Hindi,85,Psychology,90,2023,IB,522,0.6343265179415185,563.4326517941519
301,Aditi Reddy,75,82,78,80,Hindi,82,Sociology,78,2023,CBSE,475,0.6040323047102484,560.4032304710248
302,Bhavna Singh,80,75,82,78,Hindi,75,Arts,82,2023,Gujarat Board,472,0.535631247787809,553.5631247787809
303,Krishna Patel,95,92,96,94,Hindi,92,Physical Education,96,2023,Tamil Nadu Board,565,0.9541561517076316,595.4156151707632
304,Aishwarya Reddy,85,88,84,90,Hindi,88,Psychology,84,2023,West Bengal Board,519,0.8349651738769613,583.4965173876961
305,Anshul Gupta,96,95,97,92,Hindi,95,Dance,97,2023,Karnataka Board,572,1.0562461299955455,605.6246129995545
306,Aditya Kumar,75,78,80,82,Hindi,78,Music,80,2022,ICSE,473,0.7728603455581565,577.2860345558156
307,Anika Gupta,78,80,82,75,Hindi,80,Music,82,2022,CISCE,477,0.5233470507393455,552.3347050739345
308,Aryan Patel,92,94,90,88,Hindi,94,Physical Education,90,2022,IB,548,0.8048261767307708,580.4826176730771
309,Aditi Sharma,82,75,78,80,Hindi,75,Dance,78,2022,CBSE,468,0.5528602619010115,555.2860261901011
310,Bhavya Singh,75,78,80,82,Hindi,78,Dance,80,2022,Gujarat Board,473,0.542362699734873,554.2362699734873
311,Karan Reddy,94,92,88,90,Hindi,92,Psychology,88,2022,Tamil Nadu Board,544,0.8273840413760307,582.7384041376031
312,Ishaan Gupta,85,90,88,82,Hindi,90,Psychology,88,2022,West Bengal Board,523,0.8611259626146207,586.112596261462
313,Ananya Patel,80,82,75,78,Hindi,82,Sociology,75,2022,Karnataka Board,472,0.4483648485930684,544.8364848593069
314,Vikram Reddy,96,95,92,94,Hindi,95,Arts,92,2022,Maharashtra Board,564,1.0134144156527487,601.3414415652749
315,Aditya Kumar,75,80,82,78,Hindi,80,Arts,82,2022,ICSE,477,0.803182230797368,580.3182230797368
316,Anushka Sharma,98,96,95,97,Hindi,96,Music,95,2022,CISCE,577,1.1663230260615802,616.632302606158
317,Arnav Singh,90,88,85,92,Hindi,88,Music,85,2022,IB,528,0.6736725930467306,567.3672593046731
318,Aditi Sharma,78,80,82,75,Hindi,80,Psychology,82,2022,CBSE,477,0.6186528883700304,561.865288837003
319,Anika Reddy,90,85,88,84,Hindi,85,Sociology,88,2022,Gujarat Board,520,0.8587409412468825,585.8740941246882
320,Aryan Patel,92,94,90,88,Hindi,94,Arts,90,2022,Tamil Nadu Board,548,0.8515311100106214,585.1531110010621
321,Aditya Kumar,75,80,82,78,Hindi,80,Physical Education,82,2022,West Bengal Board,477,0.5602768921315381,556.0276892131538
322,Anushka Sharma,98,96,95,97,Hindi,96,Psychology,95,2022,Karnataka Board,577,1.0866401940656694,608.6640194065669
323,Arnav Singh,90,88,85,92,Hindi,88,Arts,85,2022,Maharashtra Board,528,0.7933063072756811,579.3306307275681
324,Ayush Patel,82,78,75,80,Hindi,78,Music,75,2022,ICSE,468,0.7349579890091422,573.4957989009142
325,Ananya Gupta,94,90,92,88,Hindi,90,Dance,92,2022,CISCE,546,0.9670004737116875,596.7000473711687
326,Aarav Reddy,88,85,90,84,Hindi,85,Psychology,90,2022,IB,522,0.6343265179415185,563.4326517941519
327,Aditi Reddy,75,82,78,80,Hindi,82,Sociology,78,2022,CBSE,475,0.6040323047102484,560.4032304710248
328,Bhavna Singh,80,75,82,78,Hindi,75,Arts,82,2022,Gujarat Board,472,0.535631247787809,553.5631247787809
329,Krishna Patel,95,92,96,94,Hindi,92,Physical Education,96,2022,Tamil Nadu Board,565,0.9541561517076316,595.4156151707632
330,Aishwarya Reddy,85,88,84,90,Hindi,88,Psychology,84,2022,West Bengal Board,519,0.8349651738769613,583.4965173876961
331,Anshul Gupta,96,95,97,92,Hindi,95,Dance,97,2022,Karnataka Board,572,1.0562461299955455,605.6246129995545
332,Aditya Kumar,75,78,80,82,Hindi,78,Music,80,2022,ICSE,473,0.7728603455581565,577.2860345558156
333,Anika Gupta,78,80,82,75,Hindi,80,Music,82,2022,CISCE,477,0.5233470507393455,552.3347050739345
334,Aryan Patel,92,94,90,88,Hindi,94,Physical Education,90,2022,IB,548,0.8048261767307708,580.4826176730771
335,Aditi Sharma,82,75,78,80,Hindi,75,Dance,78,2022,CBSE,468,0.5528602619010115,555.2860261901011
336,Bhavya Singh,75,78,80,82,Hindi,78,Dance,80,2022,Gujarat Board,473,0.542362699734873,554.2362699734873
337,Karan Reddy,94,92,88,90,Hindi,92,Psychology,88,2022,Tamil Nadu Board,544,0.8273840413760307,582.7384041376031
338,Ishaan Gupta,85,90,88,82,Hindi,90,Psychology,88,2022,West Bengal Board,523,0.8611259626146207,586.112596261462
339,Ananya Patel,80,82,75,78,Hindi,82,Sociology,75,2022,Karnataka Board,472,0.4483648485930684,544.8364848593069
340,Vikram Reddy,96,95,92,94,Hindi,95,Arts,92,2022,Maharashtra Board,564,1.0134144156527487,601.3414415652749
341,Aditya Kumar,75,80,82,78,Hindi,80,Arts,82,2022,ICSE,477,0.803182230797368,580.3182230797368
342,Anushka Sharma,98,96,95,97,Hindi,96,Music,95,2022,CISCE,577,1.1663230260615802,616.632302606158
343,Arnav Singh,90,88,85,92,Hindi,88,Music,85,2022,IB,528,0.6736725930467306,567.3672593046731
344,Aditi Sharma,78,80,82,75,Hindi,80,Psychology,82,2022,CBSE,477,0.6186528883700304,561.865288837003
345,Anika Reddy,90,85,88,84,Hindi,85,Sociology,88,2022,Gujarat Board,520,0.8587409412468825,585.8740941246882
346,Aryan Patel,92,94,90,88,Hindi,94,Arts,90,2022,Tamil Nadu Board,548,0.8515311100106214,585.1531110010621
347,Aditya Kumar,75,80,82,78,Hindi,80,Physical Education,82,2022,West Bengal Board,477,0.5602768921315381,556.0276892131538
348,Anushka Sharma,98,96,95,97,Hindi,96,Psychology,95,2022,Karnataka Board,577,1.0866401940656694,608.6640194065669
349,Arnav Singh,90,88,85,92,Hindi,88,Arts,85,2022,Maharashtra Board,528,0.7933063072756811,579.3306307275681
350,Ayush Patel,82,78,75,80,Hindi,78,Music,75,2022,ICSE,468,0.7349579890091422,573.4957989009142
351,Ananya Gupta,94,90,92,88,Hindi,90,Dance,92,2022,CISCE,546,0.9670004737116875,596.7000473711687
352,Aarav Reddy,88,85,90,84,Hindi,85,Psychology,90,2022,IB,522,0.6343265179415185,563.4326517941519
353,Aditi Reddy,75,82,78,80,Hindi,82,Sociology,78,2022,CBSE,475,0.6040323047102484,560.4032304710248
354,Aditya Kumar,75,78,80,82,Hindi,78,Music,80,2023,ICSE,473,0.7728603455581565,577.2860345558156
355,Anika Gupta,78,80,82,75,Hindi,80,Music,82,2023,CISCE,477,0.5233470507393455,552.3347050739345
356,Aryan Patel,92,94,90,88,Hindi,94,Physical Education,90,2023,IB,548,0.8048261767307708,580.4826176730771
357,Aditi Sharma,82,75,78,80,Hindi,75,Dance,78,2023,CBSE,468,0.5528602619010115,555.2860261901011
358,Bhavya Singh,75,78,80,82,Hindi,78,Dance,80,2023,Gujarat Board,473,0.542362699734873,554.2362699734873
359,Karan Reddy,94,92,88,90,Hindi,92,Psychology,88,2023,Tamil Nadu Board,544,0.8273840413760307,582.7384041376031
360,Ishaan Gupta,85,90,88,82,Hindi,90,Psychology,88,2023,West Bengal Board,523,0.8611259626146207,586.112596261462
361,Ananya Patel,80,82,75,78,Hindi,82,Sociology,75,2023,Karnataka Board,472,0.4483648485930684,544.8364848593069
362,Vikram Reddy,96,95,92,94,Hindi,95,Arts,92,2023,Maharashtra Board,564,1.0134144156527487,601.3414415652749
363,Aditya Kumar,75,80,82,78,Hindi,80,Arts,82,2023,ICSE,477,0.803182230797368,580.3182230797368
364,Anushka Sharma,98,96,95,97,Hindi,96,Music,95,2023,CISCE,577,1.1663230260615802,616.632302606158
365,Arnav Singh,90,88,85,92,Hindi,88,Music,85,2023,IB,528,0.6736725930467306,567.3672593046731
366,Aditi Sharma,78,80,82,75,Hindi,80,Psychology,82,2023,CBSE,477,0.6186528883700304,561.865288837003
367,Anika Reddy,90,85,88,84,Hindi,85,Sociology,88,2023,Gujarat Board,520,0.8587409412468825,585.8740941246882
368,Aryan Patel,92,94,90,88,Hindi,94,Arts,90,2023,Tamil Nadu Board,548,0.8515311100106214,585.1531110010621
369,Aditya Kumar,75,80,82,78,Hindi,80,Physical Education,82,2023,West Bengal Board,477,0.5602768921315381,556.0276892131538
370,Anushka Sharma,98,96,95,97,Hindi,96,Psychology,95,2023,Karnataka Board,577,1.0866401940656694,608.6640194065669
371,Arnav Singh,90,88,85,92,Hindi,88,Arts,85,2023,Maharashtra Board,528,0.7933063072756811,579.3306307275681
372,Ayush Patel,82,78,75,80,Hindi,78,Music,75,2023,ICSE,468,0.7349579890091422,573.4957989009142
373,Ananya Gupta,94,90,92,88,Hindi,90,Dance,92,2023,CISCE,546,0.9670004737116875,596.7000473711687
374,Aarav Reddy,88,85,90,84,Hindi,85,Psychology,90,2023,IB,522,0.6343265179415185,563.4326517941519
375,Aditi Reddy,75,82,78,80,Hindi,82,Sociology,78,2023,CBSE,475,0.6040323047102484,560.4032304710248
376,Bhavna Singh,80,75,82,78,Hindi,75,Arts,82,2023,Gujarat Board,472,0.535631247787809,553.5631247787809
377,Krishna Patel,95,92,96,94,Hindi,92,Physical Education,96,2023,Tamil Nadu Board,565,0.9541561517076316,595.4156151707632
378,Aishwarya Reddy,85,88,84,90,Hindi,88,Psychology,84,2023,West Bengal Board,519,0.8349651738769613,583.4965173876961
379,Anshul Gupta,96,95,97,92,Hindi,95,Dance,97,2023,Karnataka Board,572,1.0562461299955455,605.6246129995545
380,Aditya Kumar,75,78,80,82,Hindi,78,Music,80,2023,ICSE,473,0.7728603455581565,577.2860345558156
381,Anika Gupta,78,80,82,75,Hindi,80,Music,82,2023,CISCE,477,0.5233470507393455,552.3347050739345
382,Aryan Patel,92,94,90,88,Hindi,94,Physical Education,90,2023,IB,548,0.8048261767307708,580.4826176730771
383,Aditi Sharma,82,75,78,80,Hindi,75,Dance,78,2023,CBSE,468,0.5528602619010115,555.2860261901011
384,Bhavya Singh,75,78,80,82,Hindi,78,Dance,80,2023,Gujarat Board,473,0.542362699734873,554.2362699734873
385,Karan Reddy,94,92,88,90,Hindi,92,Psychology,88,2023,Tamil Nadu Board,544,0.8273840413760307,582.7384041376031
386,Ishaan Gupta,85,90,88,82,Hindi,90,Psychology,88,2023,West Bengal Board,523,0.8611259626146207,586.112596261462
387,Ananya Patel,80,82,75,78,Hindi,82,Sociology,75,2023,Karnataka Board,472,0.4483648485930684,544.8364848593069
388,Vikram Reddy,96,95,92,94,Hindi,95,Arts,92,2023,Maharashtra Board,564,1.0134144156527487,601.3414415652749
389,Aditya Kumar,75,80,82,78,Hindi,80,Arts,82,2023,ICSE,477,0.803182230797368,580.3182230797368
390,Anushka Sharma,98,96,95,97,Hindi,96,Music,95,2023,CISCE,577,1.1663230260615802,616.632302606158
391,Arnav Singh,90,88,85,92,Hindi,88,Music,85,2023,IB,528,0.6736725930467306,567.3672593046731
392,Aditi Sharma,78,80,82,75,Hindi,80,Psychology,82,2023,CBSE,477,0.6186528883700304,561.865288837003
393,Anika Reddy,90,85,88,84,Hindi,85,Sociology,88,2023,Gujarat Board,520,0.8587409412468825,585.8740941246882
394,Aditya Kumar,75,78,80,82,Hindi,82,Music,80,2022,ICSE,477,0.803182230797368,580.3182230797368
395,Anika Gupta,78,80,82,75,Hindi,75,Music,82,2022,CISCE,472,0.4911982519732338,549.1198251973234
396,Aryan Patel,92,94,90,88,Hindi,88,Physical Education,90,2022,IB,542,0.7654801016255588,576.5480101625559
397,Aditi Sharma,82,75,78,80,Hindi,80,Dance,78,2022,CBSE,473,0.5894117210504665,558.9411721050467
398,Bhavya Singh,75,78,80,82,Hindi,82,Dance,80,2022,Gujarat Board,477,0.5692885075231292,556.9288507523129
399,Karan Reddy,94,92,88,90,Hindi,90,Psychology,88,2022,Tamil Nadu Board,542,0.8153105070587354,581.5310507058736
400,Ishaan Gupta,85,90,88,82,Hindi,82,Psychology,88,2022,West Bengal Board,515,0.8088043851393021,580.8804385139302
401,Ananya Patel,80,82,75,78,Hindi,78,Sociology,75,2022,Karnataka Board,468,0.42404959733696934,542.404959733697
402,Vikram Reddy,96,95,92,94,Hindi,94,Arts,92,2022,Maharashtra Board,563,1.0073003015311635,600.7300301531163
403,Aditya Kumar,75,80,82,78,Hindi,78,Arts,82,2022,ICSE,475,0.7880212881777622,578.8021288177762
404,Anushka Sharma,98,96,95,97,Hindi,97,Music,95,2022,CISCE,578,1.1727527858148026,617.2752785814803
405,Arnav Singh,90,88,85,92,Hindi,92,Music,85,2022,IB,532,0.6999033097835387,569.9903309783539
406,Aditi Sharma,78,80,82,75,Hindi,75,Psychology,82,2022,CBSE,472,0.5821014292205755,558.2101429220576
407,Anika Reddy,90,85,88,84,Hindi,84,Sociology,88,2022,Gujarat Board,519,0.8520094892998185,585.2009489299819
408,Aryan Patel,92,94,90,88,Hindi,88,Arts,90,2022,Tamil Nadu Board,542,0.8153105070587354,581.5310507058736
409,Aditya Kumar,75,80,82,78,Hindi,78,Physical Education,82,2022,West Bengal Board,475,0.5471964977627084,554.7196497762709
410,Anushka Sharma,98,96,95,97,Hindi,97,Psychology,95,2022,Karnataka Board,578,1.0927190068796941,609.2719006879694
411,Arnav Singh,90,88,85,92,Hindi,92,Arts,85,2022,Maharashtra Board,532,0.817762763762022,581.7762763762022
412,Ayush Patel,82,78,75,80,Hindi,80,Music,75,2022,ICSE,470,0.750118931628748,575.0118931628748
413,Ananya Gupta,94,90,92,88,Hindi,88,Dance,92,2022,CISCE,544,0.9541409542052428,595.4140954205243
414,Aarav Reddy,88,85,90,84,Hindi,84,Psychology,90,2022,IB,521,0.6277688387573165,562.7768838757316
415,Aditi Reddy,75,82,78,80,Hindi,80,Sociology,78,2022,CBSE,473,0.5894117210504665,558.9411721050467
416,Bhavna Singh,80,75,82,78,Hindi,78,Arts,82,2022,Gujarat Board,475,0.5558256036290011,555.5825603629002
417,Krishna Patel,95,92,96,94,Hindi,94,Physical Education,96,2022,Tamil Nadu Board,567,0.966229686024927,596.6229686024927
418,Aishwarya Reddy,85,88,84,90,Hindi,90,Psychology,84,2022,West Bengal Board,521,0.848045568245791,584.8045568245791
419,Anshul Gupta,96,95,97,92,Hindi,92,Dance,97,2022,Karnataka Board,569,1.0380096915534711,603.800969155347
420,Aditya Kumar,75,78,80,82,Hindi,82,Music,80,2022,ICSE,477,0.803182230797368,580.3182230797368
421,Anika Gupta,78,80,82,75,Hindi,75,Music,82,2022,CISCE,472,0.4911982519732338,549.1198251973234
422,Aryan Patel,92,94,90,88,Hindi,88,Physical Education,90,2022,IB,542,0.7654801016255588,576.5480101625559
423,Aditi Sharma,82,75,78,80,Hindi,80,Dance,78,2022,CBSE,473,0.5894117210504665,558.9411721050467
424,Bhavya Singh,75,78,80,82,Hindi,82,Dance,80,2022,Gujarat Board,477,0.5692885075231292,556.9288507523129
425,Karan Reddy,94,92,88,90,Hindi,90,Psychology,88,2022,Tamil Nadu Board,542,0.8153105070587354,581.5310507058736
426,Ishaan Gupta,85,90,88,82,Hindi,82,Psychology,88,2022,West Bengal Board,515,0.8088043851393021,580.8804385139302
427,Ananya Patel,80,82,75,78,Hindi,78,Sociology,75,2022,Karnataka Board,468,0.42404959733696934,542.404959733697
428,Vikram Reddy,96,95,92,94,Hindi,94,Arts,92,2022,Maharashtra Board,563,1.0073003015311635,600.7300301531163
429,Aditya Kumar,75,80,82,78,Hindi,78,Arts,82,2022,ICSE,475,0.7880212881777622,578.8021288177762
430,Anushka Sharma,98,96,95,97,Hindi,97,Music,95,2022,CISCE,578,1.1727527858148026,617.2752785814803
431,Arnav Singh,90,88,85,92,Hindi,92,Music,85,2022,IB,532,0.6999033097835387,569.9903309783539
432,Aditi Sharma,78,80,82,75,Hindi,75,Psychology,82,2022,CBSE,472,0.5821014292205755,558.2101429220576
433,Anika Reddy,90,85,88,84,Hindi,84,Sociology,88,2022,Gujarat Board,519,0.8520094892998185,585.2009489299819
434,Aditya Kumar,75,78,80,82,Hindi,82,Music,80,2023,ICSE,477,0.803182230797368,580.3182230797368
435,Anika Gupta,78,80,82,75,Hindi,75,Music,82,2023,CISCE,472,0.4911982519732338,549.1198251973234
436,Aryan Patel,92,94,90,88,Hindi,88,Physical Education,90,2023,IB,542,0.7654801016255588,576.5480101625559
437,Aditi Sharma,82,75,78,80,Hindi,80,Dance,78,2023,CBSE,473,0.5894117210504665,558.9411721050467
438,Bhavya Singh,75,78,80,82,Hindi,82,Dance,80,2023,Gujarat Board,477,0.5692885075231292,556.9288507523129
439,Karan Reddy,94,92,88,90,Hindi,90,Psychology,88,2023,Tamil Nadu Board,542,0.8153105070587354,581.5310507058736
440,Ishaan Gupta,85,90,88,82,Hindi,82,Psychology,88,2023,West Bengal Board,515,0.8088043851393021,580.8804385139302
441,Ananya Patel,80,82,75,78,Hindi,78,Sociology,75,2023,Karnataka Board,468,0.42404959733696934,542.404959733697
442,Vikram Reddy,96,95,92,94,Hindi,94,Arts,92,2023,Maharashtra Board,563,1.0073003015311635,600.7300301531163
443,Aditya Kumar,75,80,82,78,Hindi,78,Arts,82,2023,ICSE,475,0.7880212881777622,578.8021288177762
444,Anushka Sharma,98,96,95,97,Hindi,97,Music,95,2023,CISCE,578,1.1727527858148026,617.2752785814803
445,Arnav Singh,90,88,85,92,Hindi,92,Music,85,2023,IB,532,0.6999033097835387,569.9903309783539
446,Aditi Sharma,78,80,82,75,Hindi,75,Psychology,82,2023,CBSE,472,0.5821014292205755,558.2101429220576
447,Anika Reddy,90,85,88,84,Hindi,84,Sociology,88,2023,Gujarat Board,519,0.8520094892998185,585.2009489299819
448,Aryan Patel,92,94,90,88,Hindi,88,Arts,90,2023,Tamil Nadu Board,542,0.8153105070587354,581.5310507058736
449,Aditya Kumar,75,80,82,78,Hindi,78,Physical Education,82,2023,West Bengal Board,475,0.5471964977627084,554.7196497762709
450,Anushka Sharma,98,96,95,97,Hindi,97,Psychology,95,2023,Karnataka Board,578,1.0927190068796941,609.2719006879694
451,Arnav Singh,90,88,85,92,Hindi,92,Arts,85,2023,Maharashtra Board,532,0.817762763762022,581.7762763762022
452,Ayush Patel,82,78,75,80,Hindi,80,Music,75,2023,ICSE,470,0.750118931628748,575.0118931628748
453,Ananya Gupta,94,90,92,88,Hindi,88,Dance,92,2023,CISCE,544,0.9541409542052428,595.4140954205243
454,Aarav Reddy,88,85,90,84,Hindi,84,Psychology,90,2023,IB,521,0.6277688387573165,562.7768838757316
455,Aditi Reddy,75,82,78,80,Hindi,80,Sociology,78,2023,CBSE,473,0.5894117210504665,558.9411721050467
456,Bhavna Singh,80,75,82,78,Hindi,78,Arts,82,2023,Gujarat Board,475,0.5558256036290011,555.5825603629002
457,Krishna Patel,95,92,96,94,Hindi,94,Physical Education,96,2023,Tamil Nadu Board,567,0.966229686024927,596.6229686024927
458,Aishwarya Reddy,85,88,84,90,Hindi,90,Psychology,84,2023,West Bengal Board,521,0.848045568245791,584.8045568245791
459,Anshul Gupta,96,95,97,92,Hindi,92,Dance,97,2023,Karnataka Board,569,1.0380096915534711,603.800969155347
460,Aditya Kumar,75,78,80,82,Hindi,82,Music,80,2023,ICSE,477,0.803182230797368,580.3182230797368
461,Anika Gupta,78,80,82,75,Hindi,75,Music,82,2023,CISCE,472,0.4911982519732338,549.1198251973234
462,Aryan Patel,92,94,90,88,Hindi,88,Physical Education,90,2023,IB,542,0.7654801016255588,576.5480101625559
463,Aditi Sharma,82,75,78,80,Hindi,80,Dance,78,2023,CBSE,473,0.5894117210504665,558.9411721050467
464,Bhavya Singh,75,78,80,82,Hindi,82,Dance,80,2023,Gujarat Board,477,0.5692885075231292,556.9288507523129
465,Karan Reddy,94,92,88,90,Hindi,90,Psychology,88,2023,Tamil Nadu Board,542,0.8153105070587354,581.5310507058736
466,Ishaan Gupta,85,90,88,82,Hindi,82,Psychology,88,2023,West Bengal Board,515,0.8088043851393021,580.8804385139302
467,Ananya Patel,80,82,75,78,Hindi,78,Sociology,75,2023,Karnataka Board,468,0.42404959733696934,542.404959733697
468,Vikram Reddy,96,95,92,94,Hindi,94,Arts,92,2023,Maharashtra Board,563,1.0073003015311635,600.7300301531163
469,Aditya Kumar,75,80,82,78,Hindi,78,Arts,82,2023,ICSE,475,0.7880212881777622,578.8021288177762
470,Anushka Sharma,98,96,95,97,Hindi,97,Music,95,2023,CISCE,578,1.1727527858148026,617.2752785814803
471,Arnav Singh,90,88,85,92,Hindi,92,Music,85,2023,IB,532,0.6999033097835387,569.9903309783539
472,Aditi Sharma,78,80,82,75,Hindi,75,Psychology,82,2023,CBSE,472,0.5821014292205755,558.2101429220576
473,Anika Reddy,90,85,88,84,Hindi,84,Sociology,88,2023,Gujarat Board,519,0.8520094892998185,585.2009489299819
474,Aditya Kumar,75,78,80,82,Gujarati,82,Music,80,2022,ICSE,477,0.803182230797368,580.3182230797368
475,Anika Gupta,78,80,82,75,Assamese,75,Music,82,2022,CISCE,472,0.4911982519732338,549.1198251973234
476,Aryan Patel,92,94,90,88,Maithili,88,Physical Education,90,2022,IB,542,0.7654801016255588,576.5480101625559
477,Aditi Sharma,82,75,78,80,Bengali,80,Dance,78,2022,CBSE,473,0.5894117210504665,558.9411721050467
478,Bhavya Singh,75,78,80,82,Punjabi,82,Dance,80,2022,Gujarat Board,477,0.5692885075231292,556.9288507523129
479,Karan Reddy,94,92,88,90,Telugu,90,Psychology,88,2022,Tamil Nadu Board,542,0.8153105070587354,581.5310507058736
480,Ishaan Gupta,85,90,88,82,Oriya,82,Psychology,88,2022,West Bengal Board,515,0.8088043851393021,580.8804385139302
481,Ananya Patel,80,82,75,78,Malayalam,78,Sociology,75,2022,Karnataka Board,468,0.42404959733696934,542.404959733697
482,Vikram Reddy,96,95,92,94,Kannada,94,Arts,92,2022,Maharashtra Board,563,1.0073003015311635,600.7300301531163
483,Aditya Kumar,75,80,82,78,Urdu,78,Arts,82,2022,ICSE,475,0.7880212881777622,578.8021288177762
484,Anushka Sharma,98,96,95,97,Hindi,97,Music,95,2022,CISCE,578,1.1727527858148026,617.2752785814803
485,Arnav Singh,90,88,85,92,Tamil,92,Music,85,2022,IB,532,0.6999033097835387,569.9903309783539
486,Aditi Sharma,78,80,82,75,Gujarati,75,Psychology,82,2022,CBSE,472,0.5821014292205755,558.2101429220576
487,Anika Reddy,90,85,88,84,Telugu,84,Sociology,88,2022,Gujarat Board,519,0.8520094892998185,585.2009489299819
488,Aryan Patel,92,94,90,88,Malayalam,88,Arts,90,2022,Tamil Nadu Board,542,0.8153105070587354,581.5310507058736
489,Aditya Kumar,75,80,82,78,Bengali,78,Physical Education,82,2022,West Bengal Board,475,0.5471964977627084,554.7196497762709
490,Anushka Sharma,98,96,95,97,Hindi,97,Psychology,95,2022,Karnataka Board,578,1.0927190068796941,609.2719006879694
491,Arnav Singh,90,88,85,92,Kannada,92,Arts,85,2022,Maharashtra Board,532,0.817762763762022,581.7762763762022
492,Ayush Patel,82,78,75,80,Punjabi,80,Music,75,2022,ICSE,470,0.750118931628748,575.0118931628748
493,Ananya Gupta,94,90,92,88,Assamese,88,Dance,92,2022,CISCE,544,0.9541409542052428,595.4140954205243
494,Aarav Reddy,88,85,90,84,Oriya,84,Psychology,90,2022,IB,521,0.6277688387573165,562.7768838757316
495,Aditi Reddy,75,82,78,80,Urdu,80,Sociology,78,2022,CBSE,473,0.5894117210504665,558.9411721050467
496,Bhavna Singh,80,75,82,78,Gujarati,78,Arts,82,2022,Gujarat Board,475,0.5558256036290011,555.5825603629002
497,Krishna Patel,95,92,96,94,Telugu,94,Physical Education,96,2022,Tamil Nadu Board,567,0.966229686024927,596.6229686024927
498,Aishwarya Reddy,85,88,84,90,Malayalam,90,Psychology,84,2022,West Bengal Board,521,0.848045568245791,584.8045568245791
499,Anshul Gupta,96,95,97,92,Kannada,92,Dance,97,2022,Karnataka Board,569,1.0380096915534711,603.800969155347
500,Aditya Kumar,75,78,80,82,Urdu,82,Music,80,2022,ICSE,477,0.803182230797368,580.3182230797368
501,Anika Gupta,78,80,82,75,Assamese,75,Music,82,2022,CISCE,472,0.4911982519732338,549.1198251973234
502,Aryan Patel,92,94,90,88,Maithili,88,Physical Education,90,2022,IB,542,0.7654801016255588,576.5480101625559
503,Aditi Sharma,82,75,78,80,Bengali,80,Dance,78,2022,CBSE,473,0.5894117210504665,558.9411721050467
504,Aditya Kumar,75,78,80,82,Gujarati,82,Music,80,2023,ICSE,477,0.803182230797368,580.3182230797368
505,Anika Gupta,78,80,82,75,Assamese,75,Music,82,2023,CISCE,472,0.4911982519732338,549.1198251973234
506,Aryan Patel,92,94,90,88,Maithili,88,Physical Education,90,2023,IB,542,0.7654801016255588,576.5480101625559
507,Aditi Sharma,82,75,78,80,Bengali,80,Dance,78,2023,CBSE,473,0.5894117210504665,558.9411721050467
508,Bhavya Singh,75,78,80,82,Punjabi,82,Dance,80,2023,Gujarat Board,477,0.5692885075231292,556.9288507523129
509,Karan Reddy,94,92,88,90,Telugu,90,Psychology,88,2023,Tamil Nadu Board,542,0.8153105070587354,581.5310507058736
510,Ishaan Gupta,85,90,88,82,Oriya,82,Psychology,88,2023,West Bengal Board,515,0.8088043851393021,580.8804385139302
511,Ananya Patel,80,82,75,78,Malayalam,78,Sociology,75,2023,Karnataka Board,468,0.42404959733696934,542.404959733697
512,Vikram Reddy,96,95,92,94,Kannada,94,Arts,92,2023,Maharashtra Board,563,1.0073003015311635,600.7300301531163
513,Aditya Kumar,75,80,82,78,Urdu,78,Arts,82,2023,ICSE,475,0.7880212881777622,578.8021288177762
514,Anushka Sharma,98,96,95,97,Hindi,97,Music,95,2023,CISCE,578,1.1727527858148026,617.2752785814803
515,Arnav Singh,90,88,85,92,Tamil,92,Music,85,2023,IB,532,0.6999033097835387,569.9903309783539
516,Aditi Sharma,78,80,82,75,Gujarati,75,Psychology,82,2023,CBSE,472,0.5821014292205755,558.2101429220576
517,Anika Reddy,90,85,88,84,Telugu,84,Sociology,88,2023,Gujarat Board,519,0.8520094892998185,585.2009489299819
518,Aryan Patel,92,94,90,88,Malayalam,88,Arts,90,2023,Tamil Nadu Board,542,0.8153105070587354,581.5310507058736
519,Aditya Kumar,75,80,82,78,Bengali,78,Physical Education,82,2023,West Bengal Board,475,0.5471964977627084,554.7196497762709
520,Anushka Sharma,98,96,95,97,Hindi,97,Psychology,95,2023,Karnataka Board,578,1.0927190068796941,609.2719006879694
521,Arnav Singh,90,88,85,92,Kannada,92,Arts,85,2023,Maharashtra Board,532,0.817762763762022,581.7762763762022
522,Ayush Patel,82,78,75,80,Punjabi,80,Music,75,2023,ICSE,470,0.750118931628748,575.0118931628748
523,Ananya Gupta,94,90,92,88,Assamese,88,Dance,92,2023,CISCE,544,0.9541409542052428,595.4140954205243
524,Aarav Reddy,88,85,90,84,Oriya,84,Psychology,90,2023,IB,521,0.6277688387573165,562.7768838757316
525,Aditi Reddy,75,82,78,80,Urdu,80,Sociology,78,2023,CBSE,473,0.5894117210504665,558.9411721050467
526,Bhavna Singh,80,75,82,78,Gujarati,78,Arts,82,2023,Gujarat Board,475,0.5558256036290011,555.5825603629002
527,Krishna Patel,95,92,96,94,Telugu,94,Physical Education,96,2023,Tamil Nadu Board,567,0.966229686024927,596.6229686024927
528,Aishwarya Reddy,85,88,84,90,Malayalam,90,Psychology,84,2023,West Bengal Board,521,0.848045568245791,584.8045568245791
529,Anshul Gupta,96,95,97,92,Kannada,92,Dance,97,2023,Karnataka Board,569,1.0380096915534711,603.800969155347
530,Aditya Kumar,75,78,80,82,Urdu,82,Music,80,2023,ICSE,477,0.803182230797368,580.3182230797368
531,Anika Gupta,78,80,82,75,Assamese,75,Music,82,2023,CISCE,472,0.4911982519732338,549.1198251973234
532,Aryan Patel,92,94,90,88,Maithili,88,Physical Education,90,2023,IB,542,0.7654801016255588,576.5480101625559
533,Aditi Sharma,82,75,78,80,Bengali,80,Dance,78,2023,CBSE,473,0.5894117210504665,558.9411721050467
534,Aditya Kumar,75,78,80,82,Gujarati,58,Music,50,2022,ICSE,423,0.393836780068014,539.3836780068013
535,Anika Gupta,78,80,82,75,Assamese,45,Music,55,2022,CISCE,415,0.12470194603956002,512.470194603956
536,Aryan Patel,92,94,90,88,Maithili,53,Physical Education,42,2022,IB,459,0.22119272933679163,522.1192729336792
537,Aditi Sharma,82,75,78,80,Bengali,60,Dance,45,2022,CBSE,420,0.20196625406624388,520.1966254066244
538,Bhavya Singh,75,78,80,82,Punjabi,50,Dance,52,2022,Gujarat Board,417,0.16540139069928747,516.5401390699287
539,Karan Reddy,94,92,88,90,Telugu,48,Psychology,58,2022,Tamil Nadu Board,470,0.380663271636104,538.0663271636104
540,Ishaan Gupta,85,90,88,82,Oriya,56,Psychology,43,2022,West Bengal Board,444,0.34445038504584835,534.4450385045849
541,Ananya Patel,80,82,75,78,Malayalam,42,Sociology,47,2022,Karnataka Board,404,0.035005577239384036,503.5005577239384
542,Vikram Reddy,96,95,92,94,Kannada,59,Arts,44,2022,Maharashtra Board,480,0.49982882943959095,549.9828829439591
543,Aditya Kumar,75,80,82,78,Urdu,54,Arts,49,2022,ICSE,418,0.35593442351899973,535.5934423519
544,Anushka Sharma,98,96,95,97,Hindi,42,Music,48,2022,CISCE,476,0.5169172909861232,551.6917290986123
545,Arnav Singh,90,88,85,92,Tamil,51,Music,59,2022,IB,465,0.2605388044420037,526.0538804442003
546,Aditi Sharma,78,80,82,75,Gujarati,47,Psychology,53,2022,CBSE,415,0.16541479491678893,516.5414794916788
547,Anika Reddy,90,85,88,84,Telugu,52,Sociology,40,2022,Gujarat Board,439,0.3134933335346961,531.3493333534697
548,Aryan Patel,92,94,90,88,Malayalam,40,Arts,58,2022,Tamil Nadu Board,462,0.3323691343669227,533.2369134366922
549,Aditya Kumar,75,80,82,78,Bengali,60,Physical Education,42,2022,West Bengal Board,417,0.1678650610666477,516.7865061066648
550,Anushka Sharma,98,96,95,97,Hindi,42,Psychology,56,2022,Karnataka Board,484,0.5213106023613656,552.1310602361366
551,Arnav Singh,90,88,85,92,Kannada,44,Arts,59,2022,Maharashtra Board,458,0.3653183187647163,536.5318318764716
552,Ayush Patel,82,78,75,80,Punjabi,57,Music,41,2022,ICSE,413,0.3180320669699855,531.8032066969986
553,Ananya Gupta,94,90,92,88,Assamese,46,Dance,53,2022,CISCE,463,0.4333304141942327,543.3330414194232
554,Aditya Kumar,75,78,80,82,Gujarati,58,Music,50,2023,ICSE,423,0.393836780068014,539.3836780068013
555,Anika Gupta,78,80,82,75,Assamese,45,Music,55,2023,CISCE,415,0.12470194603956002,512.470194603956
556,Aryan Patel,92,94,90,88,Maithili,53,Physical Education,42,2023,IB,459,0.22119272933679163,522.1192729336792
557,Aditi Sharma,82,75,78,80,Bengali,60,Dance,45,2023,CBSE,420,0.20196625406624388,520.1966254066244
558,Bhavya Singh,75,78,80,82,Punjabi,50,Dance,52,2023,Gujarat Board,417,0.16540139069928747,516.5401390699287
559,Karan Reddy,94,92,88,90,Telugu,48,Psychology,58,2023,Tamil Nadu Board,470,0.380663271636104,538.0663271636104
560,Ishaan Gupta,85,90,88,82,Oriya,56,Psychology,43,2023,West Bengal Board,444,0.34445038504584835,534.4450385045849
561,Ananya Patel,80,82,75,78,Malayalam,42,Sociology,47,2023,Karnataka Board,404,0.035005577239384036,503.5005577239384
562,Vikram Reddy,96,95,92,94,Kannada,59,Arts,44,2023,Maharashtra Board,480,0.49982882943959095,549.9828829439591
563,Aditya Kumar,75,80,82,78,Urdu,54,Arts,49,2023,ICSE,418,0.35593442351899973,535.5934423519
564,Anushka Sharma,98,96,95,97,Hindi,42,Music,48,2023,CISCE,476,0.5169172909861232,551.6917290986123
565,Arnav Singh,90,88,85,92,Tamil,51,Music,59,2023,IB,465,0.2605388044420037,526.0538804442003
566,Aditi Sharma,78,80,82,75,Gujarati,47,Psychology,53,2023,CBSE,415,0.16541479491678893,516.5414794916788
567,Anika Reddy,90,85,88,84,Telugu,52,Sociology,40,2023,Gujarat Board,439,0.3134933335346961,531.3493333534697
568,Aryan Patel,92,94,90,88,Malayalam,40,Arts,58,2023,Tamil Nadu Board,462,0.3323691343669227,533.2369134366922
569,Aditya Kumar,75,80,82,78,Bengali,60,Physical Education,42,2023,West Bengal Board,417,0.1678650610666477,516.7865061066648
570,Anushka Sharma,98,96,95,97,Hindi,42,Psychology,56,2023,Karnataka Board,484,0.5213106023613656,552.1310602361366
571,Arnav Singh,90,88,85,92,Kannada,44,Arts,59,2023,Maharashtra Board,458,0.3653183187647163,536.5318318764716
572,Ayush Patel,82,78,75,80,Punjabi,57,Music,41,2023,ICSE,413,0.3180320669699855,531.8032066969986
573,Ananya Gupta,94,90,92,88,Assamese,46,Dance,53,2023,CISCE,463,0.4333304141942327,543.3330414194232
574,Aditya Kumar,52,48,55,43,Gujarati,58,Music,50,2022,ICSE,306,-0.4930783631789194,450.69216368210806
575,Anika Gupta,58,50,48,55,Assamese,45,Music,55,2022,CISCE,311,-0.543993068295564,445.6006931704436
576,Aryan Patel,55,43,52,48,Maithili,53,Physical Education,42,2022,IB,293,-0.8673820152407427,413.26179847592573
577,Aditi Sharma,60,52,48,55,Bengali,60,Dance,45,2022,CBSE,320,-0.5290629289228553,447.09370710771447
578,Bhavya Singh,43,52,48,60,Punjabi,50,Dance,52,2022,Gujarat Board,305,-0.5885212273718838,441.1478772628116
579,Karan Reddy,48,55,43,52,Telugu,48,Psychology,58,2022,Tamil Nadu Board,304,-0.6214400766994075,437.8559923300593
580,Ishaan Gupta,55,60,52,48,Oriya,56,Psychology,43,2022,West Bengal Board,314,-0.5057752489280809,449.42247510719193
581,Ananya Patel,52,48,55,43,Malayalam,42,Sociology,47,2022,Karnataka Board,287,-0.6762155220015141,432.3784477998486
582,Vikram Reddy,60,55,52,48,Kannada,59,Arts,44,2022,Maharashtra Board,318,-0.49065765825721314,450.9342341742787
583,Aditya Kumar,48,60,55,52,Urdu,54,Arts,49,2022,ICSE,318,-0.40211270746128525,459.78872925387145
584,Anushka Sharma,52,48,60,55,Hindi,42,Music,48,2022,CISCE,305,-0.5825716268148982,441.74283731851017
585,Arnav Singh,60,55,52,48,Tamil,51,Music,59,2022,IB,325,-0.6575362813462782,434.24637186537217
586,Aditi Sharma,55,52,48,60,Gujarati,47,Psychology,53,2022,CBSE,315,-0.5656143880723102,443.438561192769
587,Anika Reddy,48,55,52,60,Telugu,52,Sociology,40,2022,Gujarat Board,307,-0.5750583234777558,442.4941676522244
588,Aryan Patel,55,60,52,48,Malayalam,40,Arts,58,2022,Tamil Nadu Board,313,-0.5671091722715785,443.28908277284216
589,Aditya Kumar,52,48,55,43,Bengali,60,Physical Education,42,2022,West Bengal Board,300,-0.5973380095098886,440.26619904901116
590,Anushka Sharma,60,55,52,48,Hindi,42,Psychology,56,2022,Karnataka Board,313,-0.51816638883687,448.183361116313
591,Arnav Singh,55,52,48,60,Kannada,44,Arts,59,2022,Maharashtra Board,318,-0.49065765825721314,450.9342341742787
592,Ayush Patel,43,52,48,55,Punjabi,57,Music,41,2022,ICSE,296,-0.5688830762769479,443.11169237230524
593,Ananya Gupta,55,60,52,48,Assamese,46,Dance,53,2022,CISCE,314,-0.5247037890358971,447.52962109641027
594,Aditya Kumar,52,48,55,43,Gujarati,58,Music,50,2023,ICSE,306,-0.4930783631789194,450.69216368210806
595,Anika Gupta,58,50,48,55,Assamese,45,Music,55,2023,CISCE,311,-0.543993068295564,445.6006931704436
596,Aryan Patel,55,43,52,48,Maithili,53,Physical Education,42,2023,IB,293,-0.8673820152407427,413.26179847592573
597,Aditi Sharma,60,52,48,55,Bengali,60,Dance,45,2023,CBSE,320,-0.5290629289228553,447.09370710771447
598,Bhavya Singh,43,52,48,60,Punjabi,50,Dance,52,2023,Gujarat Board,305,-0.5885212273718838,441.1478772628116
599,Karan Reddy,48,55,43,52,Telugu,48,Psychology,58,2023,Tamil Nadu Board,304,-0.6214400766994075,437.8559923300593
600,Ishaan Gupta,55,60,52,48,Oriya,56,Psychology,43,2023,West Bengal Board,314,-0.5057752489280809,449.42247510719193
601,Ananya Patel,52,48,55,43,Malayalam,42,Sociology,47,2023,Karnataka Board,287,-0.6762155220015141,432.3784477998486
602,Vikram Reddy,60,55,52,48,Kannada,59,Arts,44,2023,Maharashtra Board,318,-0.49065765825721314,450.9342341742787
603,Aditya Kumar,48,60,55,52,Urdu,54,Arts,49,2023,ICSE,318,-0.40211270746128525,459.78872925387145
604,Anushka Sharma,52,48,60,55,Hindi,42,Music,48,2023,CISCE,305,-0.5825716268148982,441.74283731851017
605,Arnav Singh,60,55,52,48,Tamil,51,Music,59,2023,IB,325,-0.6575362813462782,434.24637186537217
606,Aditi Sharma,55,52,48,60,Gujarati,47,Psychology,53,2023,CBSE,315,-0.5656143880723102,443.438561192769
607,Anika Reddy,48,55,52,60,Telugu,52,Sociology,40,2023,Gujarat Board,307,-0.5750583234777558,442.4941676522244
608,Aryan Patel,55,60,52,48,Malayalam,40,Arts,58,2023,Tamil Nadu Board,313,-0.5671091722715785,443.28908277284216
609,Aditya Kumar,52,48,55,43,Bengali,60,Physical Education,42,2023,West Bengal Board,300,-0.5973380095098886,440.26619904901116
610,Anushka Sharma,60,55,52,48,Hindi,42,Psychology,56,2023,Karnataka Board,313,-0.51816638883687,448.183361116313
611,Arnav Singh,55,52,48,60,Kannada,44,Arts,59,2023,Maharashtra Board,318,-0.49065765825721314,450.9342341742787
612,Ayush Patel,43,52,48,55,Punjabi,57,Music,41,2023,ICSE,296,-0.5688830762769479,443.11169237230524
613,Ananya Gupta,55,60,52,48,Assamese,46,Dance,53,2023,CISCE,314,-0.5247037890358971,447.52962109641027
614,Aditya Kumar,62,58,65,53,Gujarati,58,Music,50,2022,ICSE,346,-0.18985951078680544,481.01404892131944
615,Anika Gupta,65,60,58,62,Assamese,45,Music,55,2022,CISCE,345,-0.32538123668600427,467.4618763313996
616,Aryan Patel,58,55,62,60,Maithili,53,Physical Education,42,2022,IB,330,-0.6247478854252682,437.5252114574732
617,Aditi Sharma,70,62,58,65,Bengali,60,Dance,45,2022,CBSE,360,-0.23665125572721563,476.33487442727846
618,Bhavya Singh,53,58,60,70,Punjabi,50,Dance,52,2022,Gujarat Board,343,-0.3327260533834507,466.72739466165496
619,Karan Reddy,60,65,53,58,Telugu,48,Psychology,58,2022,Tamil Nadu Board,342,-0.39204292467079643,460.79570753292035
620,Ishaan Gupta,65,70,62,58,Oriya,56,Psychology,43,2022,West Bengal Board,354,-0.24416736155148724,475.5832638448513
621,Ananya Patel,62,58,65,53,Malayalam,42,Sociology,47,2022,Karnataka Board,327,-0.4330630094405233,456.69369905594766
622,Vikram Reddy,70,65,62,60,Kannada,59,Arts,44,2022,Maharashtra Board,360,-0.23386486515063432,476.61351348493656
623,Aditya Kumar,58,70,65,62,Urdu,54,Arts,49,2022,ICSE,358,-0.09889385506917124,490.1106144930829
624,Anushka Sharma,62,58,70,65,Hindi,42,Music,48,2022,CISCE,345,-0.32538123668600427,467.4618763313996
625,Arnav Singh,65,60,58,62,Tamil,51,Music,59,2022,IB,355,-0.4608059058202178,453.9194094179782
626,Aditi Sharma,60,62,58,70,Gujarati,47,Psychology,53,2022,CBSE,350,-0.30975417402612554,469.02458259738745
627,Anika Reddy,60,55,58,70,Telugu,52,Sociology,40,2022,Gujarat Board,335,-0.38657766895996293,461.3422331040037
628,Aryan Patel,62,65,60,58,Malayalam,40,Arts,58,2022,Tamil Nadu Board,343,-0.38600615751214873,461.3993842487851
629,Aditya Kumar,58,60,65,53,Bengali,60,Physical Education,42,2022,West Bengal Board,338,-0.3488105165021247,465.1189483497875
630,Anushka Sharma,70,65,62,58,Hindi,42,Psychology,56,2022,Karnataka Board,353,-0.27501387627587925,472.4986123724121
631,Arnav Singh,65,60,58,62,Kannada,44,Arts,59,2022,Maharashtra Board,348,-0.3072342346096568,469.2765765390343
632,Ayush Patel,53,62,58,65,Punjabi,57,Music,41,2022,ICSE,336,-0.2656642238848339,473.4335776115166
633,Ananya Gupta,65,60,62,58,Assamese,46,Dance,53,2022,CISCE,344,-0.3318109964392266,466.81890035607734
634,Aditya Kumar,62,58,65,53,Gujarati,58,Music,50,2023,ICSE,346,-0.18985951078680544,481.01404892131944
635,Anika Gupta,65,60,58,62,Assamese,45,Music,55,2023,CISCE,345,-0.32538123668600427,467.4618763313996
636,Aryan Patel,58,55,62,60,Maithili,53,Physical Education,42,2023,IB,330,-0.6247478854252682,437.5252114574732
637,Aditi Sharma,70,62,58,65,Bengali,60,Dance,45,2023,CBSE,360,-0.23665125572721563,476.33487442727846
638,Bhavya Singh,53,58,60,70,Punjabi,50,Dance,52,2023,Gujarat Board,343,-0.3327260533834507,466.72739466165496
639,Karan Reddy,60,65,53,58,Telugu,48,Psychology,58,2023,Tamil Nadu Board,342,-0.39204292467079643,460.79570753292035
640,Ishaan Gupta,65,70,62,58,Oriya,56,Psychology,43,2023,West Bengal Board,354,-0.24416736155148724,475.5832638448513
641,Ananya Patel,62,58,65,53,Malayalam,42,Sociology,47,2023,Karnataka Board,327,-0.4330630094405233,456.69369905594766
642,Vikram Reddy,70,65,62,60,Kannada,59,Arts,44,2023,Maharashtra Board,360,-0.23386486515063432,476.61351348493656
643,Aditya Kumar,58,70,65,62,Urdu,54,Arts,49,2023,ICSE,358,-0.09889385506917124,490.1106144930829
644,Anushka Sharma,62,58,70,65,Hindi,42,Music,48,2023,CISCE,345,-0.32538123668600427,467.4618763313996
645,Arnav Singh,65,60,58,62,Tamil,51,Music,59,2023,IB,355,-0.4608059058202178,453.9194094179782
646,Aditi Sharma,60,62,58,70,Gujarati,47,Psychology,53,2023,CBSE,350,-0.30975417402612554,469.02458259738745
647,Anika Reddy,60,55,58,70,Telugu,52,Sociology,40,2023,Gujarat Board,335,-0.38657766895996293,461.3422331040037
648,Aryan Patel,62,65,60,58,Malayalam,40,Arts,58,2023,Tamil Nadu Board,343,-0.38600615751214873,461.3993842487851
649,Aditya Kumar,58,60,65,53,Bengali,60,Physical Education,42,2023,West Bengal Board,338,-0.3488105165021247,465.1189483497875
650,Anushka Sharma,70,65,62,58,Hindi,42,Psychology,56,2023,Karnataka Board,353,-0.27501387627587925,472.4986123724121
651,Arnav Singh,65,60,58,62,Kannada,44,Arts,59,2023,Maharashtra Board,348,-0.3072342346096568,469.2765765390343
652,Ayush Patel,53,62,58,65,Punjabi,57,Music,41,2023,ICSE,336,-0.2656642238848339,473.4335776115166
653,Ananya Gupta,65,60,62,58,Assamese,46,Dance,53,2023,CISCE,344,-0.3318109964392266,466.81890035607734
654,Aditya Kumar,85,82,88,80,Gujarati,58,Music,50,2022,ICSE,443,0.545446206264071,554.5446206264071
655,Anika Gupta,88,85,82,85,Assamese,45,Music,55,2022,CISCE,440,0.2854459398701187,528.5445939870119
656,Aryan Patel,82,80,85,88,Maithili,53,Physical Education,42,2022,IB,430,0.031020032994933222,503.10200329949333
657,Aditi Sharma,90,88,85,82,Bengali,60,Dance,45,2022,CBSE,450,0.42127500896297365,542.1275008962973
658,Bhavya Singh,80,82,85,90,Punjabi,50,Dance,52,2022,Gujarat Board,439,0.3134933335346961,531.3493333534697
659,Karan Reddy,86,84,80,82,Telugu,48,Psychology,58,2022,Tamil Nadu Board,438,0.18748672255937887,518.7486722559379
660,Ishaan Gupta,85,88,82,80,Oriya,56,Psychology,43,2022,West Bengal Board,434,0.2790484132017,527.90484132017
661,Ananya Patel,82,80,85,88,Malayalam,42,Sociology,47,2022,Karnataka Board,424,0.15658183351987945,515.658183351988
662,Vikram Reddy,88,85,82,80,Kannada,59,Arts,44,2022,Maharashtra Board,438,0.24303603633301213,524.3036036333012
663,Aditya Kumar,85,90,88,85,Urdu,54,Arts,49,2022,ICSE,451,0.6060899767424938,560.6089976742494
664,Anushka Sharma,90,88,85,82,Hindi,42,Music,48,2022,CISCE,435,0.253297141104007,525.3297141104007
665,Arnav Singh,88,85,82,90,Tamil,51,Music,59,2022,IB,455,0.19496201259998355,519.4962012599983
666,Aditi Sharma,80,85,82,90,Gujarati,47,Psychology,53,2022,CBSE,437,0.32624121517439075,532.6241215174391
667,Anika Reddy,80,82,85,90,Telugu,52,Sociology,40,2022,Gujarat Board,429,0.2461788140640558,524.6178814064056
668,Aryan Patel,82,85,80,88,Malayalam,40,Arts,58,2022,Tamil Nadu Board,433,0.15730288676614057,515.730288676614
669,Aditya Kumar,85,82,88,80,Bengali,60,Physical Education,42,2022,West Bengal Board,437,0.2986690047549445,529.8669004754945
670,Anushka Sharma,90,88,85,82,Hindi,42,Psychology,56,2022,Karnataka Board,443,0.2720792769863501,527.207927698635
671,Arnav Singh,85,82,80,88,Kannada,44,Arts,59,2022,Maharashtra Board,438,0.24303603633301213,524.3036036333012
672,Ayush Patel,80,82,85,90,Punjabi,57,Music,41,2022,ICSE,435,0.4848024357856482,548.4802435785648
673,Ananya Gupta,88,85,82,80,Assamese,46,Dance,53,2022,CISCE,434,0.24686738135078462,524.6867381350785
674,Aditya Kumar,85,82,88,80,Gujarati,58,Music,50,2023,ICSE,443,0.545446206264071,554.5446206264071
675,Anika Gupta,88,85,82,85,Assamese,45,Music,55,2023,CISCE,440,0.2854459398701187,528.5445939870119
676,Aryan Patel,82,80,85,88,Maithili,53,Physical Education,42,2023,IB,430,0.031020032994933222,503.10200329949333
677,Aditi Sharma,90,88,85,82,Bengali,60,Dance,45,2023,CBSE,450,0.42127500896297365,542.1275008962973
678,Bhavya Singh,80,82,85,90,Punjabi,50,Dance,52,2023,Gujarat Board,439,0.3134933335346961,531.3493333534697
679,Karan Reddy,86,84,80,82,Telugu,48,Psychology,58,2023,Tamil Nadu Board,438,0.18748672255937887,518.7486722559379
680,Ishaan Gupta,85,88,82,80,Oriya,56,Psychology,43,2023,West Bengal Board,434,0.2790484132017,527.90484132017
681,Ananya Patel,82,80,85,88,Malayalam,42,Sociology,47,2023,Karnataka Board,424,0.15658183351987945,515.658183351988
682,Vikram Reddy,88,85,82,80,Kannada,59,Arts,44,2023,Maharashtra Board,438,0.24303603633301213,524.3036036333012
683,Aditya Kumar,85,90,88,85,Urdu,54,Arts,49,2023,ICSE,451,0.6060899767424938,560.6089976742494
684,Anushka Sharma,90,88,85,82,Hindi,42,Music,48,2023,CISCE,435,0.253297141104007,525.3297141104007
685,Arnav Singh,88,85,82,90,Tamil,51,Music,59,2023,IB,455,0.19496201259998355,519.4962012599983
686,Aditi Sharma,80,85,82,90,Gujarati,47,Psychology,53,2023,CBSE,437,0.32624121517439075,532.6241215174391
687,Anika Reddy,80,82,85,90,Telugu,52,Sociology,40,2023,Gujarat Board,429,0.2461788140640558,524.6178814064056
688,Aryan Patel,82,85,80,88,Malayalam,40,Arts,58,2023,Tamil Nadu Board,433,0.15730288676614057,515.730288676614
689,Aditya Kumar,85,82,88,80,Bengali,60,Physical Education,42,2023,West Bengal Board,437,0.2986690047549445,529.8669004754945
690,Anushka Sharma,90,88,85,82,Hindi,42,Psychology,56,2023,Karnataka Board,443,0.2720792769863501,527.207927698635
691,Arnav Singh,85,82,80,88,Kannada,44,Arts,59,2023,Maharashtra Board,438,0.24303603633301213,524.3036036333012
692,Ayush Patel,80,82,85,90,Punjabi,57,Music,41,2023,ICSE,435,0.4848024357856482,548.4802435785648
693,Ananya Gupta,88,85,82,80,Assamese,46,Dance,53,2023,CISCE,434,0.24686738135078462,524.6867381350785
694,Aaditya Verma,30,35,28,40,Gujarati,38,Music,40,2022,ICSE,211,-1.21322313761019,378.677686238981
695,Ananya Tiwari,38,25,42,30,Assamese,25,Music,30,2022,CISCE,190,-1.321993998435468,367.8006001564532
696,Arvind Singh,40,38,35,28,Maithili,45,Physical Education,35,2022,IB,221,-1.3395349165032877,366.0465083496712
697,Aditya Sharma,42,30,38,25,Bengali,25,Dance,42,2022,CBSE,202,-1.3916773648499923,360.83226351500076
698,Bhaskar Patel,25,40,30,38,Punjabi,30,Dance,38,2022,Gujarat Board,201,-1.2885922298665429,371.1407770133457
699,Kartik Reddy,35,42,25,40,Telugu,28,Psychology,45,2022,Tamil Nadu Board,215,-1.1587123538190491,384.1287646180951
700,Ishan Gupta,30,38,42,25,Oriya,45,Psychology,25,2022,West Bengal Board,205,-1.2186567420292984,378.1343257970702
701,Ananya Patel,38,35,40,28,Malayalam,25,Sociology,30,2022,Karnataka Board,196,-1.2293874880777682,377.06125119222315
702,Vivek Reddy,42,25,38,35,Kannada,30,Arts,38,2022,Maharashtra Board,208,-1.1632102116315863,383.67897883684134
703,Aditya Sharma,30,42,35,42,Urdu,25,Arts,42,2022,ICSE,216,-1.1753207810611759,382.4679218938824
704,Anushka Singh,35,40,38,35,Hindi,45,Music,38,2022,CISCE,231,-1.0583738485533518,394.1626151446648
705,Arnav Singh,40,38,35,42,Tamil,28,Music,25,2022,IB,208,-1.4247847458979137,357.5215254102086
706,Aditi Verma,25,30,38,35,Gujarati,30,Psychology,30,2022,CBSE,188,-1.4940214504684663,350.5978549531534
707,Anika Reddy,25,40,30,42,Telugu,35,Sociology,25,2022,Gujarat Board,197,-1.315518037654799,368.4481962345201
708,Aryan Patel,38,35,25,40,Malayalam,25,Arts,40,2022,Tamil Nadu Board,203,-1.2311535597228211,376.88464402771785
709,Aditya Kumar,30,25,38,35,Bengali,42,Physical Education,25,2022,West Bengal Board,195,-1.284058713873447,371.5941286126553
710,Anushka Sharma,42,35,40,28,Hindi,25,Psychology,35,2022,Karnataka Board,205,-1.1746781727515452,382.5321827248455
711,Arnav Singh,35,42,25,40,Kannada,30,Arts,38,2022,Maharashtra Board,210,-1.1509819833884158,384.9018016611584
712,Ayush Patel,25,38,35,42,Punjabi,38,Music,30,2022,ICSE,208,-1.2359645515395987,376.4035448460401
713,Ananya Gupta,38,35,40,28,Assamese,45,Dance,28,2022,CISCE,214,-1.1676797643581318,383.2320235641868
714,Aaditya Verma,30,35,28,40,Gujarati,38,Music,40,2023,ICSE,211,-1.21322313761019,378.677686238981
715,Ananya Tiwari,38,25,42,30,Assamese,25,Music,30,2023,CISCE,190,-1.321993998435468,367.8006001564532
716,Arvind Singh,40,38,35,28,Maithili,45,Physical Education,35,2023,IB,221,-1.3395349165032877,366.0465083496712
717,Aditya Sharma,42,30,38,25,Bengali,25,Dance,42,2023,CBSE,202,-1.3916773648499923,360.83226351500076
718,Bhaskar Patel,25,40,30,38,Punjabi,30,Dance,38,2023,Gujarat Board,201,-1.2885922298665429,371.1407770133457
719,Kartik Reddy,35,42,25,40,Telugu,28,Psychology,45,2023,Tamil Nadu Board,215,-1.1587123538190491,384.1287646180951
720,Ishan Gupta,30,38,42,25,Oriya,45,Psychology,25,2023,West Bengal Board,205,-1.2186567420292984,378.1343257970702
721,Ananya Patel,38,35,40,28,Malayalam,25,Sociology,30,2023,Karnataka Board,196,-1.2293874880777682,377.06125119222315
722,Vivek Reddy,42,25,38,35,Kannada,30,Arts,38,2023,Maharashtra Board,208,-1.1632102116315863,383.67897883684134
723,Aditya Sharma,30,42,35,42,Urdu,25,Arts,42,2023,ICSE,216,-1.1753207810611759,382.4679218938824
724,Anushka Singh,35,40,38,35,Hindi,45,Music,38,2023,CISCE,231,-1.0583738485533518,394.1626151446648
725,Arnav Singh,40,38,35,42,Tamil,28,Music,25,2023,IB,208,-1.4247847458979137,357.5215254102086
726,Aditi Verma,25,30,38,35,Gujarati,30,Psychology,30,2023,CBSE,188,-1.4940214504684663,350.5978549531534
727,Anika Reddy,25,40,30,42,Telugu,35,Sociology,25,2023,Gujarat Board,197,-1.315518037654799,368.4481962345201
728,Aryan Patel,38,35,25,40,Malayalam,25,Arts,40,2023,Tamil Nadu Board,203,-1.2311535597228211,376.88464402771785
729,Aditya Kumar,30,25,38,35,Bengali,42,Physical Education,25,2023,West Bengal Board,195,-1.284058713873447,371.5941286126553
730,Anushka Sharma,42,35,40,28,Hindi,25,Psychology,35,2023,Karnataka Board,205,-1.1746781727515452,382.5321827248455
731,Arnav Singh,35,42,25,40,Kannada,30,Arts,38,2023,Maharashtra Board,210,-1.1509819833884158,384.9018016611584
732,Ayush Patel,25,38,35,42,Punjabi,38,Music,30,2023,ICSE,208,-1.2359645515395987,376.4035448460401
733,Ananya Gupta,38,35,40,28,Assamese,45,Dance,28,2023,CISCE,214,-1.1676797643581318,383.2320235641868
734,Vivek Sharma,20,15,18,25,Gujarati,28,Music,30,2022,ICSE,136,-1.7817584858454039,321.8241514154596
735,Kritika Singh,25,10,30,20,Assamese,15,Music,20,2022,CISCE,120,-1.7720771811610323,322.79228188389675
736,Ananya Reddy,18,20,25,10,Maithili,35,Physical Education,10,2022,IB,118,-2.014975872476095,298.50241275239046
737,Rajesh Patel,30,18,20,15,Bengali,10,Dance,32,2022,CBSE,125,-1.9545698357515988,304.5430164248401
738,Suresh Gupta,10,25,15,18,Punjabi,20,Dance,18,2022,Gujarat Board,106,-1.9280801648376256,307.1919835162374
739,Shreya Reddy,15,30,10,20,Telugu,12,Psychology,35,2022,Tamil Nadu Board,122,-1.7201316995732814,327.98683004267184
740,Raj Singh,20,18,25,10,Oriya,35,Psychology,10,2022,West Bengal Board,118,-1.7876538970733895,321.23461029266105
741,Sakshi Patel,18,20,15,28,Malayalam,10,Sociology,15,2022,Karnataka Board,106,-1.7764806413399974,322.35193586600025
742,Vikas Reddy,25,10,20,18,Kannada,15,Arts,18,2022,Maharashtra Board,106,-1.7868498520332778,321.31501479667224
743,Anu Sharma,15,25,18,20,Urdu,10,Arts,25,2022,ICSE,113,-1.9561093259708695,304.38906740291304
744,Sanjay Singh,10,30,25,18,Hindi,28,Music,15,2022,CISCE,126,-1.7334986226416984,326.6501377358302
745,Varun Reddy,18,15,20,25,Tamil,12,Music,10,2022,IB,100,-2.1330140977917313,286.6985902208269
746,Pooja Gupta,20,18,15,30,Gujarati,15,Psychology,20,2022,CBSE,118,-2.0057418785608356,299.42581214391646
747,Suman Patel,20,15,18,30,Telugu,20,Sociology,10,2022,Gujarat Board,113,-1.8809600012081773,311.90399987918227
748,Manoj Reddy,18,20,10,25,Malayalam,10,Arts,30,2022,Tamil Nadu Board,113,-1.7744626040011104,322.55373959988896
749,Prashant Singh,15,18,20,10,Bengali,32,Physical Education,10,2022,West Bengal Board,105,-1.8726764604707824,312.73235395292176
750,Simran Gupta,25,20,15,18,Hindi,10,Psychology,25,2022,Karnataka Board,113,-1.7339289516418241,326.6071048358176
751,Rahul Reddy,20,15,18,25,Kannada,12,Arts,28,2022,Maharashtra Board,118,-1.7134804825742553,328.65195174257445
752,Amit Patel,10,25,20,18,Punjabi,28,Music,15,2022,ICSE,116,-1.9333679120414609,306.6632087958539
753,Priya Sharma,25,20,18,10,Assamese,35,Dance,12,2022,CISCE,120,-1.7720771811610323,322.79228188389675
754,Vivek Sharma,20,15,18,25,Gujarati,28,Music,30,2023,ICSE,136,-1.7817584858454039,321.8241514154596
755,Kritika Singh,25,10,30,20,Assamese,15,Music,20,2023,CISCE,120,-1.7720771811610323,322.79228188389675
756,Ananya Reddy,18,20,25,10,Maithili,35,Physical Education,10,2023,IB,118,-2.014975872476095,298.50241275239046
757,Rajesh Patel,30,18,20,15,Bengali,10,Dance,32,2023,CBSE,125,-1.9545698357515988,304.5430164248401
758,Suresh Gupta,10,25,15,18,Punjabi,20,Dance,18,2023,Gujarat Board,106,-1.9280801648376256,307.1919835162374
759,Shreya Reddy,15,30,10,20,Telugu,12,Psychology,35,2023,Tamil Nadu Board,122,-1.7201316995732814,327.98683004267184
760,Raj Singh,20,18,25,10,Oriya,35,Psychology,10,2023,West Bengal Board,118,-1.7876538970733895,321.23461029266105
761,Sakshi Patel,18,20,15,28,Malayalam,10,Sociology,15,2023,Karnataka Board,106,-1.7764806413399974,322.35193586600025
762,Vikas Reddy,25,10,20,18,Kannada,15,Arts,18,2023,Maharashtra Board,106,-1.7868498520332778,321.31501479667224
763,Anu Sharma,15,25,18,20,Urdu,10,Arts,25,2023,ICSE,113,-1.9561093259708695,304.38906740291304
764,Sanjay Singh,10,30,25,18,Hindi,28,Music,15,2023,CISCE,126,-1.7334986226416984,326.6501377358302
765,Varun Reddy,18,15,20,25,Tamil,12,Music,10,2023,IB,100,-2.1330140977917313,286.6985902208269
766,Pooja Gupta,20,18,15,30,Gujarati,15,Psychology,20,2023,CBSE,118,-2.0057418785608356,299.42581214391646
767,Suman Patel,20,15,18,30,Telugu,20,Sociology,10,2023,Gujarat Board,113,-1.8809600012081773,311.90399987918227
768,Manoj Reddy,18,20,10,25,Malayalam,10,Arts,30,2023,Tamil Nadu Board,113,-1.7744626040011104,322.55373959988896
769,Prashant Singh,15,18,20,10,Bengali,32,Physical Education,10,2023,West Bengal Board,105,-1.8726764604707824,312.73235395292176
770,Simran Gupta,25,20,15,18,Hindi,10,Psychology,25,2023,Karnataka Board,113,-1.7339289516418241,326.6071048358176
771,Rahul Reddy,20,15,18,25,Kannada,12,Arts,28,2023,Maharashtra Board,118,-1.7134804825742553,328.65195174257445
772,Amit Patel,10,25,20,18,Punjabi,28,Music,15,2023,ICSE,116,-1.9333679120414609,306.6632087958539
773,Priya Sharma,25,20,18,10,Assamese,35,Dance,12,2023,CISCE,120,-1.7720771811610323,322.79228188389675
774,Vivek Sharma,20,15,18,25,Gujarati,28,Music,30,2024,ICSE,136,-1.7817584858454039,321.8241514154596
775,Kritika Singh,25,10,30,20,Assamese,15,Music,20,2024,CISCE,120,-1.7720771811610323,322.79228188389675
776,Ananya Reddy,18,20,25,10,Maithili,35,Physical Education,10,2024,IB,118,-2.014975872476095,298.50241275239046
777,Rajesh Patel,30,18,20,15,Bengali,10,Dance,32,2024,CBSE,125,-1.9545698357515988,304.5430164248401
778,Suresh Gupta,10,25,15,18,Punjabi,20,Dance,18,2024,Gujarat Board,106,-1.9280801648376256,307.1919835162374
779,Shreya Reddy,15,30,10,20,Telugu,12,Psychology,35,2024,Tamil Nadu Board,122,-1.7201316995732814,327.98683004267184
780,Raj Singh,20,18,25,10,Oriya,35,Psychology,10,2024,West Bengal Board,118,-1.7876538970733895,321.23461029266105
781,Sakshi Patel,18,20,15,28,Malayalam,10,Sociology,15,2024,Karnataka Board,106,-1.7764806413399974,322.35193586600025
782,Vikas Reddy,25,10,20,18,Kannada,15,Arts,18,2024,Maharashtra Board,106,-1.7868498520332778,321.31501479667224
783,Anu Sharma,15,25,18,20,Urdu,10,Arts,25,2024,ICSE,113,-1.9561093259708695,304.38906740291304
784,Sanjay Singh,10,30,25,18,Hindi,28,Music,15,2024,CISCE,126,-1.7334986226416984,326.6501377358302
785,Varun Reddy,18,15,20,25,Tamil,12,Music,10,2024,IB,100,-2.1330140977917313,286.6985902208269
786,Pooja Gupta,20,18,15,30,Gujarati,15,Psychology,20,2024,CBSE,118,-2.0057418785608356,299.42581214391646
787,Suman Patel,20,15,18,30,Telugu,20,Sociology,10,2024,Gujarat Board,113,-1.8809600012081773,311.90399987918227
788,Manoj Reddy,18,20,10,25,Malayalam,10,Arts,30,2024,Tamil Nadu Board,113,-1.7744626040011104,322.55373959988896
789,Prashant Singh,15,18,20,10,Bengali,32,Physical Education,10,2024,West Bengal Board,105,-1.8726764604707824,312.73235395292176
790,Simran Gupta,25,20,15,18,Hindi,10,Psychology,25,2024,Karnataka Board,113,-1.7339289516418241,326.6071048358176
791,Rahul Reddy,20,15,18,25,Kannada,12,Arts,28,2024,Maharashtra Board,118,-1.7134804825742553,328.65195174257445
792,Amit Patel,10,25,20,18,Punjabi,28,Music,15,2024,ICSE,116,-1.9333679120414609,306.6632087958539
793,Priya Sharma,25,20,18,10,Assamese,35,Dance,12,2024,CISCE,120,-1.7720771811610323,322.79228188389675
794,Rahul Verma,50,45,60,55,Gujarati,45,Music,40,2022,ICSE,295,-0.5764635475867508,442.3536452413249
795,Priya Tiwari,55,40,62,50,Assamese,35,Music,55,2022,CISCE,297,-0.634009704840677,436.59902951593233
796,Krishna Singh,48,55,50,45,Maithili,53,Physical Education,42,2022,IB,293,-0.8673820152407427,413.26179847592573
797,Manish Patel,60,52,48,65,Bengali,60,Dance,45,2022,CBSE,330,-0.4559600106239454,454.4039989376055
798,Neeraj Gupta,40,50,55,60,Punjabi,50,Dance,52,2022,Gujarat Board,307,-0.5750583234777558,442.4941676522244
799,Anjali Reddy,45,60,40,50,Telugu,48,Psychology,58,2022,Tamil Nadu Board,301,-0.6395503781753504,436.04496218246493
800,Komal Singh,52,65,45,40,Oriya,56,Psychology,43,2022,West Bengal Board,301,-0.5907978123254738,440.92021876745264
801,Prakash Patel,65,40,50,55,Malayalam,42,Sociology,47,2022,Karnataka Board,299,-0.6032697682332169,439.6730231766783
802,Vijay Reddy,60,55,48,40,Kannada,59,Arts,44,2022,Maharashtra Board,306,-0.5640270277162357,443.5972972283764
803,Anjali Sharma,45,65,60,55,Urdu,54,Arts,49,2022,ICSE,328,-0.32630799436325675,467.3692005636743
804,Prakash Singh,60,50,65,52,Hindi,42,Music,48,2022,CISCE,317,-0.50541450977623,449.458549022377
805,Vijay Reddy,65,48,55,60,Tamil,51,Music,59,2022,IB,338,-0.5722864519516521,442.7713548048348
806,Arjun Verma,52,60,65,45,Gujarati,47,Psychology,53,2022,CBSE,322,-0.5144423452630733,448.55576547369265
807,Ankita Patel,45,40,55,65,Telugu,52,Sociology,40,2022,Gujarat Board,297,-0.642372842948396,435.7627157051604
808,Komal Patel,48,55,40,65,Malayalam,40,Arts,58,2022,Tamil Nadu Board,306,-0.6093665423821122,439.0633457617888
809,Prakash Singh,60,52,65,45,Bengali,60,Physical Education,42,2022,West Bengal Board,324,-0.4403732770839324,455.96267229160674
810,Anjali Reddy,65,45,60,52,Hindi,42,Psychology,56,2022,Karnataka Board,320,-0.47561469913869664,452.43853008613036
811,Vikas Singh,40,65,52,60,Kannada,44,Arts,59,2022,Maharashtra Board,320,-0.47842943001404276,452.15705699859575
812,Priya Patel,55,60,48,65,Punjabi,57,Music,41,2022,ICSE,326,-0.3414689369828624,465.85310630171375
813,Krishna Tiwari,60,52,62,48,Assamese,46,Dance,53,2022,CISCE,321,-0.4796954707633406,452.03045292366596
814,Rahul Verma,50,45,60,55,Gujarati,45,Music,40,2023,ICSE,295,-0.5764635475867508,442.3536452413249
815,Priya Tiwari,55,40,62,50,Assamese,35,Music,55,2023,CISCE,297,-0.634009704840677,436.59902951593233
816,Krishna Singh,48,55,50,45,Maithili,53,Physical Education,42,2023,IB,293,-0.8673820152407427,413.26179847592573
817,Manish Patel,60,52,48,65,Bengali,60,Dance,45,2023,CBSE,330,-0.4559600106239454,454.4039989376055
818,Neeraj Gupta,40,50,55,60,Punjabi,50,Dance,52,2023,Gujarat Board,307,-0.5750583234777558,442.4941676522244
819,Anjali Reddy,45,60,40,50,Telugu,48,Psychology,58,2023,Tamil Nadu Board,301,-0.6395503781753504,436.04496218246493
820,Komal Singh,52,65,45,40,Oriya,56,Psychology,43,2023,West Bengal Board,301,-0.5907978123254738,440.92021876745264
821,Prakash Patel,65,40,50,55,Malayalam,42,Sociology,47,2023,Karnataka Board,299,-0.6032697682332169,439.6730231766783
822,Vijay Reddy,60,55,48,40,Kannada,59,Arts,44,2023,Maharashtra Board,306,-0.5640270277162357,443.5972972283764
823,Anjali Sharma,45,65,60,55,Urdu,54,Arts,49,2023,ICSE,328,-0.32630799436325675,467.3692005636743
824,Prakash Singh,60,50,65,52,Hindi,42,Music,48,2023,CISCE,317,-0.50541450977623,449.458549022377
825,Vijay Reddy,65,48,55,60,Tamil,51,Music,59,2023,IB,338,-0.5722864519516521,442.7713548048348
826,Arjun Verma,52,60,65,45,Gujarati,47,Psychology,53,2023,CBSE,322,-0.5144423452630733,448.55576547369265
827,Ankita Patel,45,40,55,65,Telugu,52,Sociology,40,2023,Gujarat Board,297,-0.642372842948396,435.7627157051604
828,Komal Patel,48,55,40,65,Malayalam,40,Arts,58,2023,Tamil Nadu Board,306,-0.6093665423821122,439.0633457617888
829,Prakash Singh,60,52,65,45,Bengali,60,Physical Education,42,2023,West Bengal Board,324,-0.4403732770839324,455.96267229160674
830,Anjali Reddy,65,45,60,52,Hindi,42,Psychology,56,2023,Karnataka Board,320,-0.47561469913869664,452.43853008613036
831,Vikas Singh,40,65,52,60,Kannada,44,Arts,59,2023,Maharashtra Board,320,-0.47842943001404276,452.15705699859575
832,Priya Patel,55,60,48,65,Punjabi,57,Music,41,2023,ICSE,326,-0.3414689369828624,465.85310630171375
833,Krishna Tiwari,60,52,62,48,Assamese,46,Dance,53,2023,CISCE,321,-0.4796954707633406,452.03045292366596
834,Rahul Verma,50,45,60,55,Gujarati,45,Music,40,2024,ICSE,295,-0.5764635475867508,442.3536452413249
835,Priya Tiwari,55,40,62,50,Assamese,35,Music,55,2024,CISCE,297,-0.634009704840677,436.59902951593233
836,Krishna Singh,48,55,50,45,Maithili,53,Physical Education,42,2024,IB,293,-0.8673820152407427,413.26179847592573
837,Manish Patel,60,52,48,65,Bengali,60,Dance,45,2024,CBSE,330,-0.4559600106239454,454.4039989376055
838,Neeraj Gupta,40,50,55,60,Punjabi,50,Dance,52,2024,Gujarat Board,307,-0.5750583234777558,442.4941676522244
839,Anjali Reddy,45,60,40,50,Telugu,48,Psychology,58,2024,Tamil Nadu Board,301,-0.6395503781753504,436.04496218246493
840,Komal Singh,52,65,45,40,Oriya,56,Psychology,43,2024,West Bengal Board,301,-0.5907978123254738,440.92021876745264
841,Prakash Patel,65,40,50,55,Malayalam,42,Sociology,47,2024,Karnataka Board,299,-0.6032697682332169,439.6730231766783
842,Vijay Reddy,60,55,48,40,Kannada,59,Arts,44,2024,Maharashtra Board,306,-0.5640270277162357,443.5972972283764
843,Anjali Sharma,45,65,60,55,Urdu,54,Arts,49,2024,ICSE,328,-0.32630799436325675,467.3692005636743
844,Prakash Singh,60,50,65,52,Hindi,42,Music,48,2024,CISCE,317,-0.50541450977623,449.458549022377
845,Vijay Reddy,65,48,55,60,Tamil,51,Music,59,2024,IB,338,-0.5722864519516521,442.7713548048348
846,Arjun Verma,52,60,65,45,Gujarati,47,Psychology,53,2024,CBSE,322,-0.5144423452630733,448.55576547369265
847,Ankita Patel,45,40,55,65,Telugu,52,Sociology,40,2024,Gujarat Board,297,-0.642372842948396,435.7627157051604
848,Komal Patel,48,55,40,65,Malayalam,40,Arts,58,2024,Tamil Nadu Board,306,-0.6093665423821122,439.0633457617888
849,Prakash Singh,60,52,65,45,Bengali,60,Physical Education,42,2024,West Bengal Board,324,-0.4403732770839324,455.96267229160674
850,Anjali Reddy,65,45,60,52,Hindi,42,Psychology,56,2024,Karnataka Board,320,-0.47561469913869664,452.43853008613036
851,Vikas Singh,40,65,52,60,Kannada,44,Arts,59,2024,Maharashtra Board,320,-0.47842943001404276,452.15705699859575
852,Priya Patel,55,60,48,65,Punjabi,57,Music,41,2024,ICSE,326,-0.3414689369828624,465.85310630171375
853,Krishna Tiwari,60,52,62,48,Assamese,46,Dance,53,2024,CISCE,321,-0.4796954707633406,452.03045292366596
854,Rahul Verma,28,20,25,15,Gujarati,18,Music,22,2022,ICSE,128,-1.8424022563238267,315.7597743676173
855,Priya Tiwari,25,18,28,22,Assamese,12,Music,28,2022,CISCE,133,-1.688490304369142,331.1509695630858
856,Krishna Singh,22,25,20,18,Maithili,30,Physical Education,15,2022,IB,130,-1.9362837222656708,306.3716277734329
857,Manish Patel,30,22,18,28,Bengali,28,Dance,20,2022,CBSE,146,-1.801053707323888,319.8946292676112
858,Neeraj Gupta,18,28,22,25,Punjabi,20,Dance,25,2022,Gujarat Board,138,-1.7126737025315766,328.73262974684235
859,Anjali Reddy,20,30,15,22,Telugu,16,Psychology,28,2022,Tamil Nadu Board,131,-1.6658007951454525,333.4199204854548
860,Komal Singh,25,22,18,20,Oriya,28,Psychology,12,2022,West Bengal Board,125,-1.7418725167824856,325.8127483217514
861,Prakash Patel,30,18,20,25,Malayalam,15,Sociology,18,2022,Karnataka Board,126,-1.654904385059502,334.50956149404976
862,Vijay Reddy,28,25,22,18,Kannada,30,Arts,15,2022,Maharashtra Board,138,-1.591198200142551,340.8801799857449
863,Anjali Sharma,22,30,28,25,Urdu,24,Arts,20,2022,ICSE,149,-1.6832123588179668,331.6787641182033
864,Prakash Singh,30,20,25,22,Hindi,15,Music,28,2022,CISCE,140,-1.6434819860965855,335.65180139034146
865,Vijay Reddy,28,22,25,30,Tamil,18,Music,30,2022,IB,153,-1.7854571010290246,321.4542898970975
866,Arjun Verma,20,28,30,22,Gujarati,15,Psychology,25,2022,CBSE,140,-1.844915458303234,315.5084541696766
867,Ankita Patel,18,20,25,30,Telugu,25,Sociology,12,2022,Gujarat Board,130,-1.7665253181080889,323.3474681891911
868,Komal Patel,22,25,20,30,Malayalam,12,Arts,28,2022,Tamil Nadu Board,137,-1.6295801921935666,337.04198078064337
869,Prakash Singh,30,22,18,25,Bengali,28,Physical Education,15,2022,West Bengal Board,138,-1.6568499533850927,334.3150046614908
870,Anjali Reddy,30,15,20,28,Hindi,15,Psychology,30,2022,Karnataka Board,138,-1.5819586312912048,341.8041368708795
871,Vikas Singh,20,30,22,25,Kannada,18,Arts,30,2022,Maharashtra Board,145,-1.5483994012914546,345.1600598708545
872,Priya Patel,25,28,22,30,Punjabi,26,Music,18,2022,ICSE,149,-1.6832123588179668,331.6787641182033
873,Krishna Tiwari,30,22,28,20,Assamese,24,Dance,22,2022,CISCE,146,-1.6049034275772514,339.5096572422749
874,Rahul Verma,28,20,25,15,Gujarati,18,Music,22,2023,ICSE,128,-1.8424022563238267,315.7597743676173
875,Priya Tiwari,25,18,28,22,Assamese,12,Music,28,2023,CISCE,133,-1.688490304369142,331.1509695630858
876,Krishna Singh,22,25,20,18,Maithili,30,Physical Education,15,2023,IB,130,-1.9362837222656708,306.3716277734329
877,Manish Patel,30,22,18,28,Bengali,28,Dance,20,2023,CBSE,146,-1.801053707323888,319.8946292676112
878,Neeraj Gupta,18,28,22,25,Punjabi,20,Dance,25,2023,Gujarat Board,138,-1.7126737025315766,328.73262974684235
879,Anjali Reddy,20,30,15,22,Telugu,16,Psychology,28,2023,Tamil Nadu Board,131,-1.6658007951454525,333.4199204854548
880,Komal Singh,25,22,18,20,Oriya,28,Psychology,12,2023,West Bengal Board,125,-1.7418725167824856,325.8127483217514
881,Prakash Patel,30,18,20,25,Malayalam,15,Sociology,18,2023,Karnataka Board,126,-1.654904385059502,334.50956149404976
882,Vijay Reddy,28,25,22,18,Kannada,30,Arts,15,2023,Maharashtra Board,138,-1.591198200142551,340.8801799857449
883,Anjali Sharma,22,30,28,25,Urdu,24,Arts,20,2023,ICSE,149,-1.6832123588179668,331.6787641182033
884,Prakash Singh,30,20,25,22,Hindi,15,Music,28,2023,CISCE,140,-1.6434819860965855,335.65180139034146
885,Vijay Reddy,28,22,25,30,Tamil,18,Music,30,2023,IB,153,-1.7854571010290246,321.4542898970975
886,Arjun Verma,20,28,30,22,Gujarati,15,Psychology,25,2023,CBSE,140,-1.844915458303234,315.5084541696766
887,Ankita Patel,18,20,25,30,Telugu,25,Sociology,12,2023,Gujarat Board,130,-1.7665253181080889,323.3474681891911
888,Komal Patel,22,25,20,30,Malayalam,12,Arts,28,2023,Tamil Nadu Board,137,-1.6295801921935666,337.04198078064337
889,Prakash Singh,30,22,18,25,Bengali,28,Physical Education,15,2023,West Bengal Board,138,-1.6568499533850927,334.3150046614908
890,Anjali Reddy,30,15,20,28,Hindi,15,Psychology,30,2023,Karnataka Board,138,-1.5819586312912048,341.8041368708795
891,Vikas Singh,20,30,22,25,Kannada,18,Arts,30,2023,Maharashtra Board,145,-1.5483994012914546,345.1600598708545
892,Priya Patel,25,28,22,30,Punjabi,26,Music,18,2023,ICSE,149,-1.6832123588179668,331.6787641182033
893,Krishna Tiwari,30,22,28,20,Assamese,24,Dance,22,2023,CISCE,146,-1.6049034275772514,339.5096572422749
894,Rahul Verma,28,20,25,15,Gujarati,18,Music,22,2024,ICSE,128,-1.8424022563238267,315.7597743676173
895,Priya Tiwari,25,18,28,22,Assamese,12,Music,28,2024,CISCE,133,-1.688490304369142,331.1509695630858
896,Krishna Singh,22,25,20,18,Maithili,30,Physical Education,15,2024,IB,130,-1.9362837222656708,306.3716277734329
897,Manish Patel,30,22,18,28,Bengali,28,Dance,20,2024,CBSE,146,-1.801053707323888,319.8946292676112
898,Neeraj Gupta,18,28,22,25,Punjabi,20,Dance,25,2024,Gujarat Board,138,-1.7126737025315766,328.73262974684235
899,Anjali Reddy,20,30,15,22,Telugu,16,Psychology,28,2024,Tamil Nadu Board,131,-1.6658007951454525,333.4199204854548
900,Komal Singh,25,22,18,20,Oriya,28,Psychology,12,2024,West Bengal Board,125,-1.7418725167824856,325.8127483217514
901,Prakash Patel,30,18,20,25,Malayalam,15,Sociology,18,2024,Karnataka Board,126,-1.654904385059502,334.50956149404976
902,Vijay Reddy,28,25,22,18,Kannada,30,Arts,15,2024,Maharashtra Board,138,-1.591198200142551,340.8801799857449
903,Anjali Sharma,22,30,28,25,Urdu,24,Arts,20,2024,ICSE,149,-1.6832123588179668,331.6787641182033
904,Prakash Singh,30,20,25,22,Hindi,15,Music,28,2024,CISCE,140,-1.6434819860965855,335.65180139034146
905,Vijay Reddy,28,22,25,30,Tamil,18,Music,30,2024,IB,153,-1.7854571010290246,321.4542898970975
906,Arjun Verma,20,28,30,22,Gujarati,15,Psychology,25,2024,CBSE,140,-1.844915458303234,315.5084541696766
907,Ankita Patel,18,20,25,30,Telugu,25,Sociology,12,2024,Gujarat Board,130,-1.7665253181080889,323.3474681891911
908,Komal Patel,22,25,20,30,Malayalam,12,Arts,28,2024,Tamil Nadu Board,137,-1.6295801921935666,337.04198078064337
909,Prakash Singh,30,22,18,25,Bengali,28,Physical Education,15,2024,West Bengal Board,138,-1.6568499533850927,334.3150046614908
910,Anjali Reddy,30,15,20,28,Hindi,15,Psychology,30,2024,Karnataka Board,138,-1.5819586312912048,341.8041368708795
911,Vikas Singh,20,30,22,25,Kannada,18,Arts,30,2024,Maharashtra Board,145,-1.5483994012914546,345.1600598708545
912,Priya Patel,25,28,22,30,Punjabi,26,Music,18,2024,ICSE,149,-1.6832123588179668,331.6787641182033
913,Krishna Tiwari,30,22,28,20,Assamese,24,Dance,22,2024,CISCE,146,-1.6049034275772514,339.5096572422749
